session	filename	transcript	speaker	image	original_transcrippt
20230325-150539-579	222.wav	床に、どんなじゅうたんを敷こうか？	Yoshino	00000090/00090799.jpg	床に、どんなじゅうたんを敷こうか？
20230325-150539-579	223.wav	この人さっきから微動だにしないのよすごいと思わない？	Yoshino	00000042/00042202.jpg	この人さっきから微動だにしないのよすごいと思わない？
20230325-150539-579	224.wav	±１００ｇまでだね	Yoshino	00000030/00030133.jpg	±１００ｇまでだね
20230325-150539-579	225.wav	ごめんなさい、今歯磨き中なの	Yoshino	00000007/00007719.jpg	ごめんなさい、今歯磨き中なの
20230325-150539-579	226.wav	PCを２台も操るなんて、デキる女でしょ？	Yoshino	00000015/00015271.jpg	PCを２台も操るなんて、デキる女でしょ？
20230325-150539-579	227.wav	私もグラスを持てばいいの？	Yoshino	00000021/00021376.jpg	私もグラスを持てばいいの？
20230325-150539-579	228.wav	僕のキャリーバッグかっこいいでしょ？	Yoshino	00000020/00020068.jpg	僕のキャリーバッグかっこいいでしょ？
20230325-150539-579	229.wav	今日はパーティーよ！	Yoshino	00000110/00110126.jpg	今日はパーティーよ！
20230325-150539-579	230.wav	飲み物を入れますから少々お待ちくださいね。	Yoshino	00000002/00002900.jpg	飲み物を入れますから少々お待ちくださいね。
20230325-150539-579	231.wav	どんな映像に仕上がったんだい？	Yoshino	00000058/00058858.jpg	どんな映像に仕上がったんだい？
20230325-150539-579	232.wav	雨の中待ってるのに連絡が取れないの。	Yoshino	00000008/00008176.jpg	雨の中待ってるのに連絡が取れないの。
20230325-150539-579	233.wav	銃の手入れはこまめにしないとな	Yoshino	00000115/00115726.jpg	銃の手入れはこまめにしないとな
20230325-150539-579	234.wav	うちは豚の丸焼きもありますよ	Yoshino	00000048/00048743.jpg	うちは豚の丸焼きありますよ
20230325-150539-579	235.wav	間もなく始まります	Yoshino	00000107/00107391.jpg	間もなく始まります
20230325-150539-579	236.wav	一息つきましたね。	Yoshino	00000056/00056276.jpg	一息つきましたね。
20230325-150539-579	237.wav	すぐ出発する。支度は済ませたか？	Yoshino	00000090/00090469.jpg	すぐ出発する。支度は済ませたか？
20230325-150539-579	238.wav	この容器に何て書いてある？	Yoshino	00000040/00040267.jpg	この容器に何て書いてある？
20230325-150539-579	239.wav	お父さん、晩酌ですよ	Yoshino	00000002/00002903.jpg	お父さん、晩酌ですよ
20230325-150539-579	240.wav	ネコと遊ぶのはストレス発散になるよ。	Yoshino	00000088/00088845.jpg	ネコと遊ぶのはストレス発散になるよ。
20230325-150539-579	241.wav	メンマ多めでしたね。	Yoshino	00000099/00099506.jpg	メンマ多めでしたよね。
20230325-150539-579	242.wav	収録の邪魔をしないでね	Yoshino	00000086/00086727.jpg	収録の邪魔をしないでね
20230325-150539-579	243.wav	少しオマケをしておくよ。	Yoshino	00000008/00008501.jpg	少しオマケしておくよ。
20230325-150539-579	244.wav	ビールは僕がついであげるよ。	Yoshino	00000002/00002891.jpg	ビールは僕がついであげるよ。
20230325-150539-579	245.wav	この化粧品、私似合うと思う？	Yoshino	00000041/00041218.jpg	この化粧品、私に似合うと思う？
20230325-150539-579	246.wav	この一番上のパックがよさそうだと思うけどどう？	Yoshino	00000049/00049184.jpg	この一番上のパックがよさそうだと思うけどどう？
20230325-150539-579	247.wav	続いて、嬉しいニュースをお伝えします	Yoshino	00000087/00087855.jpg	続いて、嬉しいニュースをお伝えします
20230325-150539-579	248.wav	そろそろ洗い終わるよ	Yoshino	00000076/00076479.jpg	そろそろ洗い終わるよ
20230325-150539-579	249.wav	あなたも飲むでしょ？コップを頂戴。	Yoshino	00000002/00002929.jpg	あなたも飲むでしょ？コップを頂戴。
20230325-150539-579	250.wav	今着ていた物も、洗濯機に入れちゃった。	Yoshino	00000077/00077507.jpg	今着ていた物も、洗濯機に入れちゃった。
20230325-150539-579	251.wav	ワゴンセールのものを何冊か買うけど、あなたいらないの？	Yoshino	00000007/00007071.jpg	ワゴンセールのものを何冊か買うけど、あなたはいらないの？
20230325-150539-579	252.wav	カップいっぱい有るね	Yoshino	00000019/00019703.jpg	カップいっぱい有るね
20230325-150539-579	253.wav	表面が焼けたんでコショウをかけます	Yoshino	00000099/00099037.jpg	表面が焼けたのでコショウをかけます
20230325-150539-579	254.wav	イヤー、全部消しちゃったわ?	Yoshino	00000110/00110428.jpg	イヤー、全部消しちゃったわ‼
20230325-150539-579	255.wav	キャビアを添えます。	Yoshino	00000098/00098457.jpg	キャビアを添えます。
20230325-150539-579	256.wav	もう少し深く掘りましょう	Yoshino	00000074/00074790.jpg	もう少し深く掘りましょう
20230325-150539-579	257.wav	単純作業は疲れるよ	Yoshino	00000076/00076948.jpg	単純作業は疲れるよ
20230325-150539-579	258.wav	私達の並びクリスマスツリーみたいでしょ	Yoshino	00000010/00010808.jpg	私達の並びクリスマスツリーみたいでしょ
20230325-150539-579	259.wav	カフェイン入り炭酸飲料を飲んでも頭が冴えないです。次に続く文章は思い浮かばないです。	Yoshino	00000070/00070125.jpg	カフェイン入り炭酸飲料を飲んでも頭が冴えないです。次に続く文章が思い浮かばないです。
20230325-150539-579	260.wav	パンケーキはまだか	Yoshino	00000037/00037490.jpg	パンケーキはまだか
20230325-150539-579	261.wav	あ、いらっしゃい	Yoshino	00000027/00027661.jpg	あ、いらっしゃい
20230325-150539-579	262.wav	この撮影は記念になりますね、ありがとう。	Yoshino	00000070/00070417.jpg	この撮影は記念になりますね、ありがとう。
20230325-150539-579	263.wav	見つかったか。	Yoshino	00000092/00092136.jpg	見つかったか。
20230325-150539-579	264.wav	今日の昼食はピザだよ。	Yoshino	00000018/00018000.jpg	今日の昼食はピザだよ。
20230325-150539-579	265.wav	さわやかな風と空の下でのしょく食事は最高においしいね。	Yoshino	00000021/00021095.jpg	さわやかな風と空の下での食事は最高においしいね。
20230325-150539-579	266.wav	ブンブン、危ないですよ。	Yoshino	00000015/00015926.jpg	ブンブン、危ないですよ。
20230325-150539-579	267.wav	この装置に検査薬を入れてみますね。	Yoshino	00000088/00088461.jpg	この装置に検査薬を入れてみますね。
20230325-150539-579	268.wav	祝福ありがとうございます	Yoshino	00000009/00009087.jpg	祝福ありがとうございます
20230325-150539-579	269.wav	すてきでしょう？	Yoshino	00000073/00073018.jpg	すてきでしょ
20230325-150539-579	270.wav	くそっ。急に暴落しやがった。大損だぜ。	Yoshino	00000021/00021568.jpg	くそっ。急に暴落しやがった。大損だぜ。
20230325-150539-579	271.wav	くすぐったい！	Yoshino	00000117/00117105.jpg	くすぐったい！
20230325-150539-579	272.wav	パンケーキはまだか	Yoshino	00000037/00037490.jpg	パンケーキはまだか
20230325-150539-579	273.wav	あ、いらっしゃい	Yoshino	00000027/00027661.jpg	あ、いらっしゃい
20230325-150539-579	274.wav	この撮影は記念になりますね、ありがとう。	Yoshino	00000070/00070417.jpg	この撮影は記念になりますね、ありがとう。
20230325-150539-579	275.wav	見つかったか。	Yoshino	00000092/00092136.jpg	見つかったか。
20230325-150539-579	276.wav	今日の昼食はピザだよ。	Yoshino	00000018/00018000.jpg	今日の昼食はピザだよ。
20230325-150539-579	277.wav	さわやかな風と空の下での食事は最高においしいね。	Yoshino	00000021/00021095.jpg	さわやかな風と空の下での食事は最高においしいね。
20230325-150539-579	278.wav	ブンブン、危ないですよ。	Yoshino	00000015/00015926.jpg	ブンブン、危ないですよ。
20230325-150539-579	279.wav	この装置に検査薬を入れてみますね。	Yoshino	00000088/00088461.jpg	この装置に検査薬を入れてみますね。
20230325-150539-579	280.wav	祝福ありがとうございます	Yoshino	00000009/00009087.jpg	祝福ありがとうございます
20230325-150539-579	281.wav	すてきでしょ？	Yoshino	00000073/00073018.jpg	すてきでしょ
20230325-150539-579	282.wav	くそっ。急に暴落しやがった。大損だぜ。	Yoshino	00000021/00021568.jpg	くそっ。急に暴落しやがった。大損だぜ。
20230325-150539-579	283.wav	くすぐったい！	Yoshino	00000117/00117105.jpg	くすぐったい！
20230325-150539-579	284.wav	私の後姿、どう？	Yoshino	00000077/00077738.jpg	私の後姿、どう？
20230325-150539-579	285.wav	料理の隠し味は液体窒素です。	Yoshino	00000099/00099099.jpg	料理の隠し味は液体窒素です。
20230325-150539-579	286.wav	まだ開店準備中です｡もう少しお待ちください	Yoshino	00000037/00037192.jpg	まだ開店準備中です｡もう少しお待ちください
20230325-150539-579	287.wav	お姉ちゃんと一緒にクリスマスの天使の仮装をしたの	Yoshino	00000010/00010808.jpg	お姉ちゃんと一緒にクリスマスの天使の仮装をしたのよ
20230325-150539-579	288.wav	若いころはギターで女の子メロメロにしたもんさ。	Yoshino	00000043/00043965.jpg	若いころはギターで女の子をメロメロにしたもんさ。
20230325-150539-579	289.wav	編集をしている途中です。	Yoshino	00000111/00111967.jpg	編集をしている途中です。
20230325-150539-579	290.wav	コピーは何枚とればいいんだっけ？	Yoshino	00000088/00088858.jpg	コピーは何枚とればいいんだっけ？
20230325-150539-579	291.wav	受賞式は後日にあだ改めて行います。	Yoshino	00000057/00057857.jpg	受賞式は後日に改めて行います。
20230325-150539-579	292.wav	ドリンクはここで受け取るのよ。	Yoshino	00000066/00066622.jpg	ドリンクはここで受け取るのよ。
20230325-150539-579	293.wav	私のマグカップどこにあるか知りませんか？	Yoshino	00000049/00049928.jpg	私のマグカップどこにあるか知りませんか？
20230325-150539-579	294.wav	このカップケーキの飾り付け、お願いね。	Yoshino	00000032/00032338.jpg	このカップケーキの飾り付け、お願いね。
20230325-150539-579	295.wav	今日は、お疲れ様でした。	Yoshino	00000052/00052378.jpg	今日は、お疲れ様でした。
20230325-150539-579	296.wav	チョコクッキー100個を１月１日にご予約ですね。チョコクッキー100個を１月１日にご予約ですね。	Yoshino	00000056/00056779.jpg	チョコクッキー100個を１月１日にご予約ですね。
20230325-150539-579	297.wav	もちろん冷え冷えだよ！	Yoshino	00000037/00037225.jpg	もちろん冷え冷えだよ！
20230325-150539-579	298.wav	どうだいこのビート。	Yoshino	00000084/00084028.jpg	どうだいこのビート。
20230325-150539-579	299.wav	赤は赤、緑は緑に入れたよ	Yoshino	00000076/00076335.jpg	赤は赤、緑は緑に入れたよ
20230325-150539-579	300.wav	ソースはたっぷり掛けておくよ。	Yoshino	00000014/00014636.jpg	ソースはたっぷり掛けておくよ。
20230325-150539-579	301.wav	熱くなった鉄板に、こうして慎重にのせます。	Yoshino	00000099/00099434.jpg	熱くなった鉄板に、こうして慎重にのせます。
20230325-150539-579	302.wav	酔いつぶれて動けないの	Yoshino	00000017/00017464.jpg	酔いつぶれて動けないの
20230325-150539-579	303.wav	はかりますね。	Yoshino	00000057/00057107.jpg	はかりますね。
20230325-150539-579	304.wav	これを少量足して、あとは混ぜれば出来上がりです。	Yoshino	00000036/00036759.jpg	これを少量足して、あとは混ぜれば出来上がりです。
20230325-150539-579	305.wav	ごみはごみ箱へ捨てよう	Yoshino	00000102/00102630.jpg	ごみはごみ箱へ捨てよう
20230325-150539-579	306.wav	これ、あなたの好物だったわよね？	Yoshino	00000109/00109715.jpg	これ、あなたの好物だったわよね？
20230325-150539-579	307.wav	カメラ係りをありがとう。	Yoshino	00000072/00072666.jpg	カメラ係りありがとう。
20230325-150539-579	308.wav	僕がＤＪをやらせていただきます。	Yoshino	00000084/00084640.jpg	僕がＤＪをやらせていただきます。
20230325-150539-579	309.wav	あと何個分刻めばいいの？	Yoshino	00000008/00008810.jpg	あと何個分刻めばいいの？
20230325-150539-579	310.wav	まっすぐ線を引くのは気を使うんで話しかけないでくれ	Yoshino	00000029/00029853.jpg	まっすぐ線を引くのは気を使うんで話しかけないでくれ
20230325-150539-579	311.wav	ドーナッツ食べる？	Yoshino	00000017/00017755.jpg	ドーナッツ食べる？
20230325-150539-579	312.wav	見てごらんよ、この大きなカブ。久しぶりにこんな大きなカブが育ったわ。	Yoshino	00000116/00116587.jpg	見てごらんよ、この大きなカブ。久しぶりにこんな大きなカブが育ったわ。
20230325-150539-579	313.wav	さぁ、これでできあがり。お待たせしました。	Yoshino	00000099/00099976.jpg	さぁ、これでできあがり。お待たせしました。
20230325-150539-579	314.wav	ぼく今大工さんだから、ドリルで穴をあける仕事してるの。	Yoshino	00000092/00092607.jpg	ぼく今大工さんだから、ドリルで穴をあける仕事してるの。
20230325-150539-579	315.wav	おっし、ごちそうだぞ。	Yoshino	00000021/00021559.jpg	おっし、ごちそうだぞ。
20230325-150539-579	316.wav	お客さんがいないからカウンターで寝ちゃおうかしら？	Yoshino	00000036/00036963.jpg	お客さんがいないからカウンターで寝ちゃおうかしら？
20230325-150539-579	317.wav	ワインに合うおつまみを注文しようかしら。	Yoshino	00000097/00097554.jpg	ワインに合うおつまみ注文しようかしら。
20230325-150539-579	318.wav	予習しているから静かにしていて。	Yoshino	00000003/00003009.jpg	予習してるから静かにしてて。
20230325-150539-579	319.wav	これがただの筒だと思ったら大間違いです。	Yoshino	00000068/00068173.jpg	これがただの筒だと思ったら大間違いです。
20230325-150539-579	320.wav	休暇中なのに、仕事のメールは返さないといけないのよね。	Yoshino	00000117/00117061.jpg	休暇中なのに、仕事のメールは返さないといけないのよね。
20230325-150539-579	321.wav	大体1ヶ月ぐらいはかかりますね。	Yoshino	00000029/00029722.jpg	大体1ヶ月くらいはかかりますね。
20230325-150539-579	323.wav	重いバケツを担ぐのは一苦労だよ。	Yoshino	00000002/00002855.jpg	重いバケツを担ぐのは一苦労だよ。
20230325-150539-579	324.wav	ゲームで本格的なボウリングを体験できるらしい。どんなものか試しているところだ。	Yoshino	00000018/00018187.jpg	ゲームで本格的なボウリングを体験できるらしい。どんなものか試しているところだ。
20230325-150539-579	325.wav	えーっと、もうしゃべってもいいの？	Yoshino	00000043/00043273.jpg	えっと、もうしゃべってもいいの？
20230325-150539-579	326.wav	今、試験中なので話かけないで下さい。	Yoshino	00000006/00006193.jpg	今、試験中なので話かけないで下さい。
20230325-150539-579	327.wav	今日仕入れたばっかりだよ	Yoshino	00000049/00049027.jpg	今日仕入れたばっかりだよ
20230325-150539-579	328.wav	チャンネル変えるよ	Yoshino	00000006/00006726.jpg	チャンネル変えるよ
20230325-150539-579	329.wav	化粧なおしたら出かけましょうか？	Yoshino	00000020/00020404.jpg	化粧なおしたら出かけましょうか？
20230325-150539-579	330.wav	かしこく見える？	Yoshino	00000004/00004026.jpg	かしこく見える？
20230325-150539-579	331.wav	図書館内ではフラッシュなんか焚かないでよ	Yoshino	00000014/00014082.jpg	図書館内ではフラッシュなんか焚かないでよ？
20230325-150539-579	332.wav	荷台にモノを載せすぎて進みにくいです。	Yoshino	00000002/00002966.jpg	荷台にモノを載せすぎて進みにくいです。
20230325-150539-579	333.wav	すごい風船の数でしょ？	Yoshino	00000089/00089199.jpg	すごい風船の数でしょ？
20230325-150539-579	334.wav	キャディーさん写さなくても良くないですか?	Yoshino	00000069/00069055.jpg	キャディーさんは写さなくても良くないですか?
20230325-150539-579	335.wav	このゲームを始めてから、どれぐらい時間が経ってる？	Yoshino	00000014/00014693.jpg	このゲームを始めてから、どのくらい時間が経ってる？
20230325-150539-579	337.wav	今、ドリンクを注いでます。	Yoshino	00000056/00056236.jpg	今、ドリンク注いでます。
20230325-150539-579	338.wav	スタジオにこもりっぱなしで、なんだか仙人の気分だよ。	Yoshino	00000085/00085926.jpg	スタジオにこもりっぱなしで、なんだか仙人の気分だよ。
20230325-150539-579	339.wav	ニンジンのヘタを全て取ります。	Yoshino	00000001/00001093.jpg	ニンジンのヘタを全て取ります。
20230325-150539-579	340.wav	んー、そうだねぇ	Yoshino	00000018/00018310.jpg	んー、そうだねぇ
20230325-150539-579	341.wav	天板に均等に絞り出します。	Yoshino	00000032/00032260.jpg	天板に均等に絞り出します。
20230325-150539-579	342.wav	ヘイおまち	Yoshino	00000099/00099323.jpg	ヘイおまち
20230325-150539-579	343.wav	お皿を洗うから明日は海に連れていってね。	Yoshino	00000004/00004190.jpg	お皿を洗うから明日は海に連れていってね。
20230325-150539-579	344.wav	皆描き終ってるの？	Yoshino	00000029/00029419.jpg	皆描き終ってるの？
20230325-150539-579	345.wav	席に座れないよ。	Yoshino	00000104/00104269.jpg	席に座れないよ。
20230325-150539-579	346.wav	炭酸飲料は紙コップに移し変えます。	Yoshino	00000002/00002876.jpg	缶飲料は紙コップに移し変えます。
20230325-150539-579	347.wav	これに火をつけると、炎がグワーっと上がったりしない？怖いわ！	Yoshino	00000015/00015207.jpg	これ火をつけると、炎がグワーっと上がったりしない？怖いわ！
20230325-150539-579	348.wav	とりあえず、今日の予定を組んでおかないと。	Yoshino	00000078/00078686.jpg	とりあえず、今日の予定を組んでおかないと。
20230325-150539-579	349.wav	今日は一体どんな用件で？	Yoshino	00000016/00016831.jpg	今日は一体どんな用件で？
20230325-150539-579	350.wav	洋服も全部出すよ。	Yoshino	00000054/00054605.jpg	洋服も全部出すよ。
20230325-150539-579	351.wav	またあいつ寝坊か？	Yoshino	00000086/00086554.jpg	またあいつ寝坊か？
20230325-150539-579	352.wav	どう、やわらかいでしょ？	Yoshino	00000041/00041981.jpg	どう、やわらかいでしょ？
20230325-150539-579	353.wav	捨てられた瓶は、この様に個性的なデザインの食器に変わります。	Yoshino	00000077/00077029.jpg	捨てられた瓶は、この様に個性的なデザインの食器に変わります。
20230325-150539-579	354.wav	背中に何かありそうですね。もっとしゅら詳しく調べたほうがよさそうです。	Yoshino	00000071/00071156.jpg	背中に何かありそうですね。もっと詳しく調べたほうがよさそうです。
20230325-150539-579	355.wav	机の上は僕が片づけるから触らないで。	Yoshino	00000017/00017654.jpg	机の上は僕が片づけるから触らないで。
20230325-150539-579	356.wav	もう出来上がるわよ	Yoshino	00000000/00000638.jpg	もう出来上がるわよ
20230325-150539-579	357.wav	ヒジャブ無しでいいかしら	Yoshino	00000021/00021173.jpg	ひじゃぶ無しでいいかしら
20230325-150539-579	358.wav	学校であった授業の復習です。	Yoshino	00000088/00088922.jpg	学校であった授業の復習です。
20230325-150539-579	359.wav	おかわりは頼まないの？	Yoshino	00000003/00003540.jpg	おかわりは頼まないの？
20230325-150539-579	360.wav	もう2cmほど削ったほうがいいかな。	Yoshino	00000059/00059391.jpg	もう2cmほど削ったほうがいいな。
20230325-150539-579	361.wav	この鍛え具合どうですか？	Yoshino	00000029/00029646.jpg	この鍛え具合どうですか？
20230325-150539-579	362.wav	うわぁドライアイスがスゴイ！おしゃれね。	Yoshino	00000097/00097525.jpg	うわぁドライアイスがスゴイ！おしゃれね。
20230325-150539-579	363.wav	難しく見えるだろうが、基本は自動運転だよ。	Yoshino	00000056/00056101.jpg	難しく見えるだろうが、基本は自動運転だよ。
20230325-150539-579	364.wav	弾いてみるから、曲名を当ててみて。	Yoshino	00000062/00062579.jpg	弾いてみるから、曲名を当ててみて。
20230325-150539-579	365.wav	レポート終わんないよ	Yoshino	00000052/00052124.jpg	レポート終わんないよ
20230325-150539-579	366.wav	ダイブだ！	Yoshino	00000040/00040664.jpg	ダイブだ！
20230325-150539-579	367.wav	みなさんありがとう	Yoshino	00000012/00012672.jpg	みなさんありがとう
20230325-150539-579	368.wav	いいから仕事しろよ	Yoshino	00000007/00007907.jpg	いいから仕事しろよ
20230325-150539-579	373.wav	点滴あと何分？	Yoshino	00000072/00072238.jpg	点滴はあと何分？
20230325-150539-579	374.wav	私、財布をどのポケットに入れたか覚えてない	Yoshino	00000109/00109776.jpg	私、財布をどのポケットに入れたか覚えてない？
20230325-150539-579	375.wav	参ったよ、今月の売上は従業員の給料を支払ったら赤字だ。	Yoshino	00000056/00056148.jpg	参ったよ、今月の売上では従業員の給料を払ったら赤字だ。
20230325-150539-579	376.wav	釘で打ち付ける前に糊付けをするときれいに仕上がるんです	Yoshino	00000040/00040285.jpg	釘で打ち付ける前に糊付けするときれいに仕上がるんです
20230325-150539-579	377.wav	厨房狭いでしょう？	Yoshino	00000066/00066833.jpg	厨房狭いでしょう？
20230325-150539-579	378.wav	飛びます跳びます	Yoshino	00000101/00101985.jpg	飛びます跳びます
20230325-150539-579	379.wav	それでは15ページを開いて下さい。	Yoshino	00000043/00043023.jpg	それでは15ページを開いて下さい。
20230325-150539-579	380.wav	うまい肉だから包んであげるよ	Yoshino	00000049/00049231.jpg	うまい肉だから包んであげるよ
20230325-150539-579	381.wav	論文を書き終えるまでそっとしといてください	Yoshino	00000043/00043432.jpg	論文を書き終えるまでそっとしておいてください
20230325-150539-579	382.wav	この黄色いロープって何に使うんですか？	Yoshino	00000048/00048532.jpg	この黄色いロープって何に使うんですか？
20230325-150539-579	383.wav	丸の位置に足を合わせるの？	Yoshino	00000076/00076117.jpg	丸の位置に足を合わせるの？
20230325-150539-579	386.wav	明日の会議は成功させなくちゃいけないから、準備をちゃんとやっておかないといけないんすよ。	Yoshino	00000096/00096891.jpg	明日の会議は成功させなくっちゃいけないから、準備をちゃんとやっておかないといけないんですよ。
20230325-150539-579	387.wav	ピース。	Yoshino	00000096/00096817.jpg	ピース。
20230325-150539-579	388.wav	通路を塞いでしまってごめんなさい。	Yoshino	00000012/00012601.jpg	通路を塞いでしまってごめんなさい。
20230325-150539-579	389.wav	おもてなしよ	Yoshino	00000073/00073024.jpg	おもてなしよ
20230325-150539-579	391.wav	ご利用ありがとうございました。	Yoshino	00000099/00099165.jpg	ご利用ありがとうございました。
20230325-150539-579	392.wav	このパンツもしわになってるから、たたみ直さないといけないです。	Yoshino	00000054/00054691.jpg	このパンツもしわになってるから、たたみ直さないといけないです。
20230325-150539-579	393.wav	トレイに並べるのを手伝ってくださる？	Yoshino	00000077/00077266.jpg	トレイに並べるのを手伝ってくださる？
20230325-150539-579	394.wav	この緑色んところは何ですか？カビが生えているんですか？	Yoshino	00000012/00012841.jpg	この緑色のところは何ですか？カビが生えているのですか？
20230325-150539-579	395.wav	後は個人のセンスによって模様などを付けていきます。	Yoshino	00000029/00029347.jpg	後は個人のセンスによって模様などを付けていきます。
20230325-150539-579	396.wav	こうしてシューズの刃保護して置かないといけないんだ。	Yoshino	00000078/00078596.jpg	こうしてシューズの刃は保護して置かないとならないんだ。
20230325-150539-579	397.wav	みんなの昼ごはんをい写真に撮ろうよ。	Yoshino	00000012/00012555.jpg	みんなの昼ごはんを写真に撮ろうよ。
20230325-150539-579	398.wav	うりゃー	Yoshino	00000036/00036393.jpg	うりゃー
20230325-150539-579	399.wav	今日も私のトーク聴いてくれてありがとう。	Yoshino	00000088/00088214.jpg	今日も私のトーク聴いてくれてありがとう。
20230325-150539-579	400.wav	使い込んでるだろ？	Yoshino	00000083/00083001.jpg	使い込んでるだろ
20230325-150539-579	401.wav	赤い口紅イケてるでしょう？	Yoshino	00000055/00055298.jpg	赤い口紅イケてるでしょう？
20230325-150539-579	402.wav	この向きで貼り付けるのがいいと思うけど、どう？	Yoshino	00000070/00070097.jpg	この向きで貼り付けるのがいいと思うけど、どう？
20230325-150539-579	403.wav	服装は自由なの？	Yoshino	00000087/00087880.jpg	服装は自由なの
20230325-150539-579	404.wav	あれで見やすくなったでしょ？	Yoshino	00000058/00058953.jpg	あれで見やすくなったでしょ？
20230325-150539-579	405.wav	よし着地は上々。後ろはまだ着いて来てないわよね。	Yoshino	00000114/00114227.jpg	よし着地は上々。後ろはまだ着いて来ないわよね。
20230325-150539-579	406.wav	こども服は、どれを選ぼうかな。	Yoshino	00000028/00028428.jpg	こども服は、どれを選ぼうかな。
20230325-150539-579	407.wav	そろそろ暗くなりそうだから帰る用意をするよ。	Yoshino	00000103/00103998.jpg	そろそろ暗くなりそうだから帰る用意するよ。
20230325-150539-579	408.wav	これくらいは全然平気ですよ	Yoshino	00000059/00059420.jpg	これくらいは全然平気ですよ
20230325-150539-579	409.wav	この奥にアクセサリを仕舞ったはずなんだけど見つからないわ。	Yoshino	00000055/00055176.jpg	この奥にアクセサリを仕舞ったはずなんだけど見つからないわ。
20230325-150539-579	410.wav	音響機材の操作が間に合わないよ。	Yoshino	00000084/00084666.jpg	音響機材の操作が間に合わないよ。
20230325-150539-579	411.wav	一気飲みだよ	Yoshino	00000022/00022024.jpg	一気飲みだよ
20230325-150539-579	413.wav	ただいまの時間から店内商品全て20％オフです。	Yoshino	00000032/00032092.jpg	ただいまの時間から店内商品全て20％オフです。
20230325-150539-579	414.wav	んぎゃー	Yoshino	00000072/00072529.jpg	んぎゃー
20230325-150539-579	415.wav	誓います	Yoshino	00000022/00022635.jpg	誓います
20230325-150539-579	418.wav	脂身は取り除きます。	Yoshino	00000048/00048683.jpg	脂身は取り除きます。
20230325-150539-579	419.wav	今の気温こんなに低いよ、まだ雪もこの後に降るんだって	Yoshino	00000083/00083243.jpg	今の気温こんなに低いよ、まだ雪もこの後に降るんだって
20230325-150539-579	420.wav	お見舞いに来てくれてありがとう。	Yoshino	00000006/00006378.jpg	お見舞いに来てくれてありがとう。
20230325-150539-579	421.wav	どのキーを押せばいいの？	Yoshino	00000004/00004026.jpg	どのキーを押せばいいの？
20230325-150539-579	422.wav	後でその卵がかかってる部分、い一枚分けてくれる？	Yoshino	00000018/00018135.jpg	後でその卵がかかってる部分、一枚分けてくれる？
20230325-150539-579	423.wav	雑誌を買ってきてくれてありがとう。	Yoshino	00000072/00072950.jpg	雑誌を買ってきてくれてありがとう。
20230325-150539-579	424.wav	色んな惣菜があるけど買わないかい？	Yoshino	00000079/00079157.jpg	色んな惣菜あるけど買わないかい？
20230325-150539-579	425.wav	スケートボートを返すのはこうやっているの。	Yoshino	00000011/00011168.jpg	スケートボートを返すのはこうやってやるの。
20230325-150539-579	426.wav	こんばんは	Yoshino	00000096/00096771.jpg	こんばんは
20230325-150539-579	427.wav	メッチャ美味いよ	Yoshino	00000011/00011750.jpg	メッチャ美味いよ
20230325-150539-579	428.wav	シケた顔してるでしょ？	Yoshino	00000020/00020838.jpg	シケた顔してるでしょ？
20230325-150539-579	429.wav	明日のプランたてようか？	Yoshino	00000062/00062469.jpg	明日のプランたてようか？
20230325-150539-579	430.wav	コード余ってる？	Yoshino	00000077/00077902.jpg	コード有ってる？
20230325-150539-579	431.wav	では、自己紹介させていただきます。	Yoshino	00000026/00026379.jpg	では、自己紹介させていただきます。
20230325-150539-579	432.wav	ふんわり浮いている感じで頼むよ	Yoshino	00000019/00019240.jpg	ふんわり浮いている感じで頼むよ
20230325-150539-579	434.wav	ちょっと。こんな高そうなレストラン来て大丈夫なの？	Yoshino	00000097/00097732.jpg	ちょっと。こんな高そうなレストラン来て大丈夫なの？
20230325-150539-579	435.wav	いい？始めるよ？	Yoshino	00000038/00038044.jpg	いい？始めるよ？
20230325-150539-579	436.wav	がんばれ！	Yoshino	00000113/00113668.jpg	がんばれ！
20230325-150539-579	437.wav	四人とも同時に跳びあがってるかい？	Yoshino	00000102/00102306.jpg	四人とも同時に跳びあがっているかい？
20230325-150539-579	438.wav	この上に置いておいた僕のバッグ知らない？	Yoshino	00000117/00117392.jpg	この上に置いておいた僕のバッグを知らない？
20230325-150539-579	439.wav	マズくはないよ	Yoshino	00000012/00012110.jpg	マズくはないよ
20230325-150539-579	440.wav	テレビを観てるの	Yoshino	00000004/00004383.jpg	テレビを観てるの
20230325-150539-579	443.wav	スポークが折れてたんだよね	Yoshino	00000001/00001713.jpg	スポークが折れてたんだよね
20230325-150539-579	444.wav	お勧めですよ。	Yoshino	00000032/00032102.jpg	お勧めですよ。
20230325-150539-579	445.wav	文化祭に何をするか話合いましょ。	Yoshino	00000028/00028443.jpg	文化祭に何をするか話合いましょ。
20230325-150539-579	446.wav	私が捕まえた泥棒の事件のってるわ	Yoshino	00000022/00022522.jpg	私が捕まえた泥棒の事件のってるわ
20230325-150539-579	447.wav	走りますね。	Yoshino	00000114/00114038.jpg	走りますね。
20230325-150539-579	448.wav	今日は僕が片付ける日なんだ。	Yoshino	00000076/00076479.jpg	今日は僕が片付ける日なんだ。
20230325-150539-579	449.wav	コーナー菌が溜まりやすいので念入りに散布しましょう。	Yoshino	00000076/00076738.jpg	コーナーは菌が溜まりやすいので念入りに散布しましょう。
20230325-150539-579	452.wav	今日はタバコを何本吸ったか数えてみるよ。	Yoshino	00000017/00017040.jpg	今日はタバコを何本吸ったか数えてみるよ。
20230325-150539-579	453.wav	画像を送るから待って。	Yoshino	00000003/00003756.jpg	画像を送るから待って。
20230325-150539-579	454.wav	本日の料理はダイエット向けの小食メニューです。	Yoshino	00000076/00076808.jpg	本日の料理はダイエット向けの小食メニューです。
20230325-150539-579	455.wav	私のラッキーカラー黒です。	Yoshino	00000040/00040966.jpg	私のラッキーカラーは黒です。
20230325-150539-579	456.wav	あなた何故私に付いてくるんですか？	Yoshino	00000060/00060087.jpg	あなたは何故私に付いてくるのですか？
20230325-150539-579	457.wav	最後にこいつをのせるんだ。	Yoshino	00000099/00099125.jpg	最後にこいつをのせるんだ。
20230325-150539-579	458.wav	オーダー初めてですか。	Yoshino	00000101/00101678.jpg	オーダーは初めてですか。
20230325-150539-579	459.wav	一時しのぎの補修だけど、何とか頑張るよ。	Yoshino	00000001/00001626.jpg	一時しのぎの補修だけど、何とか頑張るよ。
20230325-150539-579	460.wav	先にご飯食べてますよ。	Yoshino	00000050/00050270.jpg	先にご飯食べますよ。
20230325-150539-579	461.wav	ミキサーでかき混ぜたら次は鍋で煮るんだ	Yoshino	00000016/00016250.jpg	ミキサーでかき混ぜたら次は鍋で煮るんだ
20230325-150539-579	462.wav	まず、右の正拳を入れる。そして、	Yoshino	00000081/00081005.jpg	まず、右の正拳を入れる。そして、
20230325-150539-579	463.wav	該当の資料はデーターベース上にないようです。	Yoshino	00000087/00087903.jpg	該当の資料はデーターベース上にはないようです。
20230325-150539-579	464.wav	どう近未来っぽくみえる？	Yoshino	00000088/00088542.jpg	どう近未来っぽくみえる？
20230325-150539-579	465.wav	すみませんが、研究室では撮影するのはご遠慮ください。	Yoshino	00000002/00002283.jpg	すみませんが、研究室では撮影するのはご遠慮ください。
20230325-150539-579	466.wav	この中から好きなものを選んじゃって良いのですか？	Yoshino	00000012/00012787.jpg	この中から好きなものを選んじゃって良いのですか？
20230325-150539-579	467.wav	夕飯の仕度をしてます。	Yoshino	00000076/00076978.jpg	夕飯の仕度をしています。
20230325-150539-579	469.wav	イスの配置はこのあたりでいいかしら？	Yoshino	00000022/00022083.jpg	イスの配置はこのあたりでよいかしら？
20230325-150539-579	470.wav	キャンドルいっぱいでしょう	Yoshino	00000087/00087029.jpg	キャンドルいっぱいでしょう
20230325-150539-579	471.wav	こうやって揺すって確認するんだ。	Yoshino	00000049/00049921.jpg	こうやって揺すって確認するんだ。
20230325-150539-579	472.wav	ここに植えればいいの?	Yoshino	00000002/00002025.jpg	ここに植えればいいの?
20230325-150539-579	473.wav	どこまで、あの選手は投げるかな？	Yoshino	00000114/00114257.jpg	どこまで、あの選手は投げるかな？。
20230325-150539-579	474.wav	ごめんなさい、もうしません。	Yoshino	00000020/00020710.jpg	ごめんなさい、申しません。
20230325-150539-579	475.wav	本物そっくりでしょう	Yoshino	00000029/00029177.jpg	本物そっくりでしょ
20230325-150539-579	476.wav	めんどくさい	Yoshino	00000020/00020260.jpg	めんどくさい
20230325-150539-579	477.wav	子供たちはこういうパズルを使ってアルファベット覚えるんですよ	Yoshino	00000087/00087445.jpg	子供たちはこういうパズルを使ってアルファベットを覚えるんですよ
20230325-150539-579	478.wav	自力で身体を動かすことが出来るかちょっと見てください。	Yoshino	00000070/00070330.jpg	自力で身体を動かすことが出来るかちょっと見ていてください。
20230325-150539-579	479.wav	雨が降りそうだから早めに広げたよ。商品が濡れたらたいへんだからね。	Yoshino	00000103/00103395.jpg	雨が降りそうだから早めに広げたよ。商品が濡れたらたいへんだからね。
20230325-150539-579	480.wav	フライングディスクとったどー。	Yoshino	00000007/00007293.jpg	フライングディスクとったどー。
20230325-150539-579	481.wav	デザートにはこのスイカお持ちします。	Yoshino	00000097/00097694.jpg	デザートにはこのスイカをお持ちします。
20230325-150539-579	482.wav	わかったわかった、起きるから大声出さないで	Yoshino	00000062/00062611.jpg	わかったわかった、起きるから大声出さないで
20230325-150539-579	483.wav	ほーら、かわいくできたでしょ	Yoshino	00000032/00032061.jpg	ほーら、かわいくできたでしょ
20230325-150539-579	484.wav	両手で混ぜるから早いよ。	Yoshino	00000005/00005066.jpg	両手で混ぜるから早いよ。
20230325-150539-579	485.wav	粘土で遊びます。	Yoshino	00000052/00052890.jpg	粘土で遊びます。
20230325-150539-579	486.wav	地味な工程でしょ？	Yoshino	00000066/00066717.jpg	地味な工程でしょ？
20230325-150539-579	488.wav	食器洗い手伝うよ？	Yoshino	00000004/00004198.jpg	食器洗い手伝うよ？
20230325-150539-579	489.wav	おーい、君も話し合いに参加したら？	Yoshino	00000119/00119120.jpg	おーい、君も話し合いに参加したら？
20230325-150539-579	490.wav	キャー噛まれたわ助けてー、なんてね	Yoshino	00000068/00068323.jpg	キャー噛まれたわ助けてー、なんてね
20230325-150539-579	491.wav	美味しそうな匂いがしてきたでしょ？	Yoshino	00000015/00015315.jpg	美味しそうな匂いがしてきたでしょ？
20230325-150539-579	492.wav	いぇ〜い	Yoshino	00000037/00037357.jpg	いぇ～い
20230325-150539-579	493.wav	生ハムはお好きですか。どうぞ食べてみて下さい。	Yoshino	00000097/00097315.jpg	生ハムはお好きですか。どうぞ食べてみて下さい。
20230325-150539-579	494.wav	今から、微調整するから	Yoshino	00000040/00040142.jpg	今から、微調整するから
20230325-150539-579	495.wav	案外暖かいでしょ	Yoshino	00000074/00074722.jpg	案外暖かいでしょ
20230325-150539-579	496.wav	このテープで固定しておきましょう。	Yoshino	00000022/00022901.jpg	このテープで固定しておきましょう。
20230325-150539-579	497.wav	すこし、お待ちください。	Yoshino	00000089/00089407.jpg	すこし、お待ちください。
20230325-150539-579	498.wav	ドライバーで飛ばすよ	Yoshino	00000064/00064234.jpg	ドライバーで飛ばすよ？
20230325-150539-579	499.wav	タレに絡めると本当に甘みが増しておいしい。	Yoshino	00000065/00065677.jpg	タレに絡めると本当に甘みが増しておいしい。
20230325-150539-579	500.wav	それでこのレシートの代金は誰が払うのですか？	Yoshino	00000010/00010871.jpg	それでこのレシートの代金は誰が払うのですか？
20230325-150539-579	501.wav	タバコがしけっちまうよー。	Yoshino	00000017/00017040.jpg	タバコがしけっちまうよー。
20230325-150539-579	502.wav	先ずは腹ごしらえよ	Yoshino	00000073/00073065.jpg	先ずは腹ごしらえよ
20230325-150539-579	503.wav	よおく火にかざすのです。	Yoshino	00000036/00036606.jpg	よおく火にかざすのです。
20230325-150539-579	504.wav	異常なし！	Yoshino	00000032/00032316.jpg	異常なし！
20230325-150539-579	505.wav	隠れておやつを食べているのがばれるからこっちを撮らないでください。	Yoshino	00000052/00052031.jpg	隠れておやつを食べているのがばれるからこっちを撮らないでください。
20230325-150539-579	506.wav	胸の事はほっといて下さい。セクハラですよ。	Yoshino	00000089/00089130.jpg	胸の事はほっといて下さい。セクハラですよ。
20230325-150539-579	507.wav	しっかりつかまってろよ！	Yoshino	00000095/00095389.jpg	しっかりつかまっていろよ！
20230325-150539-579	508.wav	乾いたら色付けよ	Yoshino	00000030/00030557.jpg	乾いたら色付けよ
20230325-150539-579	509.wav	今日は僕のDJで盛り上げるぞ。	Yoshino	00000036/00036580.jpg	今日は僕のDJで盛り上げるぞ。
20230325-150539-579	510.wav	僕の今までの練習の成果を聴いておくれ	Yoshino	00000043/00043965.jpg	僕の今までの練習の成果を聴いておくれ
20230325-150539-579	511.wav	揚げたてのフライ食べてみる？	Yoshino	00000017/00017385.jpg	揚げたてのフライを食べてみる？
20230325-150539-579	512.wav	カメラにおさめておきます	Yoshino	00000083/00083466.jpg	カメラにおさめておきます
20230325-150539-579	513.wav	ぴーす！	Yoshino	00000072/00072666.jpg	ぴーす！
20230325-150539-579	514.wav	焼きそば食べてかない？	Yoshino	00000000/00000645.jpg	焼きそば食べてかない？
20230325-150539-579	515.wav	君もタバコを吸いたいならあげるよ	Yoshino	00000003/00003508.jpg	君もタバコ吸いたいならあげるよ
20230325-150539-579	516.wav	へぇ、そうなんですか？	Yoshino	00000112/00112138.jpg	へぇ、そうなんですか？
20230325-150539-579	517.wav	じゃあ入刀しますよ	Yoshino	00000011/00011088.jpg	じゃあ入刀しますよ
20230325-150539-579	518.wav	へぇ、おいしい	Yoshino	00000090/00090523.jpg	へへへ、おいしー
20230325-150539-579	519.wav	採取した組織を顕微鏡で観察します。	Yoshino	00000002/00002229.jpg	採取した組織を顕微鏡で観察します。
20230325-150539-579	520.wav	ジャーンプ	Yoshino	00000114/00114549.jpg	ジャーンプ
20230325-150539-579	521.wav	誕生日ケーキを用意してくれてどうもありがとう。	Yoshino	00000014/00014592.jpg	誕生日ケーキを用意してくれてどうもありがとう。
20230325-150539-579	522.wav	上手に弾けてるでしょ？	Yoshino	00000086/00086217.jpg	上手に弾けているでしょ？
20230325-150539-579	523.wav	ブロッコリは嫌だ。	Yoshino	00000009/00009376.jpg	ブロッコリは嫌だ。
20230325-150539-579	524.wav	ちゃんと磨けてる？	Yoshino	00000000/00000256.jpg	チャンド磨けてる？
20230325-150539-579	525.wav	これテレビなの？私映るの？	Yoshino	00000004/00004948.jpg	コレテレビなの？私映るの？
20230325-150539-579	526.wav	日本を応援する絵を描いてます。これは津波で、トラは強いから日本の旗とトラを描きました。	Yoshino	00000027/00027434.jpg	ニホンを応援する絵をかいています。これは津波で、トラは強いから日本の旗とトラを描きました。
20230325-150539-579	527.wav	お前んち電子レンジあったか？	Yoshino	00000109/00109598.jpg	お前んち電子レンジあったか？
20230325-150539-579	528.wav	サイズはこれでよかった	Yoshino	00000055/00055198.jpg	サイズはこれでよかった？
20230325-150539-579	529.wav	テントを立てるのを、手伝ってもらえませんか？	Yoshino	00000050/00050330.jpg	テントを立てるのを、手伝ってもらえませんか？
20230325-150539-579	530.wav	きまった！	Yoshino	00000011/00011060.jpg	きまった！
20230325-150539-579	531.wav	きゃっ倒れる	Yoshino	00000054/00054559.jpg	きゃっ倒れる
20230325-150539-579	532.wav	海賊よ。	Yoshino	00000051/00051281.jpg	海賊よ。
20230325-150539-579	533.wav	どれにしようかしら？	Yoshino	00000055/00055329.jpg	どれにしょうかしら？
20230325-150539-579	534.wav	複数の香辛料をすり鉢に入れ、すりこぎで充分に潰します。	Yoshino	00000098/00098971.jpg	複数の香辛料をすり鉢に入れ、すりこぎで充分に潰します。
20230325-150539-579	535.wav	チアーズ！	Yoshino	00000097/00097598.jpg	チアーズ！
20230325-150539-579	536.wav	絵の具の上から固着剤をはるんですよ	Yoshino	00000074/00074228.jpg	絵の具の上から固着剤を塗るんですよ
20230325-150539-579	537.wav	料理を作ってもらったお礼に、皿洗いをするよ。	Yoshino	00000004/00004287.jpg	料理を作ってもらったお礼に、皿洗いをするよ。
20230325-150539-579	538.wav	麺棒を水平に転がして生地を薄く延ばします。	Yoshino	00000099/00099886.jpg	麺棒を水平に転がして生地を薄く延ばします。
20230325-150539-579	539.wav	これ、アルコール度数いくつのやつ	Yoshino	00000013/00013906.jpg	これ、アルコール度数いくつ！
20230325-150539-579	540.wav	そいつをやればいいの？	Yoshino	00000037/00037170.jpg	そいつをやればいいの？
20230325-150539-579	541.wav	中々来ないので、連絡してる所です。	Yoshino	00000006/00006859.jpg	中々来ないので、連絡している所です。
20230325-150539-579	542.wav	3Ｄのプログラムをこれから動かしてみるのだけど見てみますか？	Yoshino	00000008/00008182.jpg	3Ｄのプログラムをこれから動かしてみるのだけれど見てみますか？
20230325-150539-579	543.wav	やあ、おはよう	Yoshino	00000056/00056515.jpg	やあ、おはよう
20230325-150539-579	544.wav	旅の記録をその都度書き留めるのよ	Yoshino	00000004/00004726.jpg	旅の記録をその都度書き留めるのよ
20230325-150539-579	547.wav	野菜やすいかをカットしてポリ箱に入れましょう。	Yoshino	00000052/00052899.jpg	野菜やすいかをカットしてポリ箱に入れましょう。
20230325-150539-579	548.wav	次、負けたら、交代するよ。	Yoshino	00000019/00019296.jpg	次、負けたら、交代するよ。
20230325-150539-579	549.wav	いや，バナナボート乗れるぐらいの広さのお風呂ならバスタイムも楽しいだろうけど・・・って，普通のバナナかよっ！	Yoshino	00000009/00009130.jpg	いや，バナナボート乗れるぐらいの広さのお風呂ならバスタイムも楽しいだろうけど・・・って，普通のバナナかよっ！
20230325-150539-579	550.wav	ドールの衣装作りはハマると凝ってしまうんですね。	Yoshino	00000061/00061961.jpg	ドールの衣装作りはハマると凝ってしまうんですよ。
20230325-150539-579	551.wav	セクシーでしょ？	Yoshino	00000027/00027137.jpg	セクシーでしょ
20230325-150539-579	552.wav	いっぱいかくの	Yoshino	00000027/00027818.jpg	いっぱいかくの
20230325-150539-579	554.wav	ごらんなさいな、磨くと見違えるわ	Yoshino	00000051/00051032.jpg	ごらんなさいな、磨くと見違えるわ
20230325-150539-579	555.wav	綺麗な花でしょう	Yoshino	00000077/00077406.jpg	綺麗な花でしょ？
20230325-150539-579	556.wav	お前もこっちに来いよ、戦場でも息抜きは大事だろう。	Yoshino	00000116/00116020.jpg	お前もこっちに来いよ、戦場でも息抜きは大事だぞ。
20230325-150539-579	557.wav	特注のコーヒーメーカーだから、うちのコーヒーは本格派だよ。	Yoshino	00000056/00056171.jpg	特注のコーヒーメーカーだから、うちのコーヒーは本格派だよ。
20230325-150539-579	558.wav	朝刊の一面はこの記事でいこう。	Yoshino	00000088/00088205.jpg	朝刊の一面はこの記事でいこう。
20230325-150539-579	559.wav	どうすれば電源が付くの？	Yoshino	00000011/00011911.jpg	どうすれば電源が付くの？
20230325-150539-579	560.wav	う〜ん、あんまり美味しくない。	Yoshino	00000109/00109877.jpg	う～ん、あんまり美味しくない。
20230325-150539-579	561.wav	これ以上入らないから、カゴをもう一つ持ってきてちょうだい。	Yoshino	00000110/00110015.jpg	これ以上入らないから、カゴをもう一つ持ってきてちょうだい。
20230325-150539-579	562.wav	ビンごとゆでちゃうの	Yoshino	00000076/00076767.jpg	ビンごとゆでちゃうの！
20230325-150539-579	563.wav	練習時間はあと5分しかないよ	Yoshino	00000018/00018011.jpg	練習時間はあと5分しかないよ
20230325-150539-579	564.wav	切り分けるわね。	Yoshino	00000016/00016296.jpg	切り分けるわね。
20230325-150539-579	565.wav	いろいろ試着して比べてみましょう。	Yoshino	00000054/00054973.jpg	いろいろ試着して比べてみましょう。
20230325-150539-579	566.wav	いらっしゃいませ、チェックインのお客様ですか？	Yoshino	00000096/00096958.jpg	いらっしゃいませ、チェックインのお客様ですか？
20230325-150539-579	567.wav	この髪型はどう？もっと動いた方が良さが伝わるかしら。	Yoshino	00000037/00037702.jpg	この髪型はどう？もっと動いた方が良さが伝わるかしら。
20230325-150539-579	568.wav	さて、どこから筆を入れようかしら。	Yoshino	00000029/00029713.jpg	さて、どこから筆を入れようかしら。
20230325-150539-579	569.wav	両手と両足が使えたら作業量は二倍になるのにね。	Yoshino	00000018/00018977.jpg	両手と両足が使えたら作業量が二倍になるのにね。
20230325-150539-579	570.wav	このレシピで作るんですね？	Yoshino	00000098/00098636.jpg	このレシピで作るんですね？
20230325-150539-579	573.wav	試料のセットももうすぐ終わります。	Yoshino	00000009/00009163.jpg	試料のセットもうすぐ終わります。
20230325-150539-579	574.wav	取り敢えずネットの情報を掻き集めてみますね。	Yoshino	00000019/00019904.jpg	取り敢えずネットの情報を掻き集めてみますね。
20230325-150539-579	575.wav	この大きさの用紙なら五分程度で絵が描けるわ。	Yoshino	00000051/00051702.jpg	この大きさの用紙なら五分程度で絵が描けるわ。
20230325-150539-579	576.wav	もうすぐ直りますよ。	Yoshino	00000028/00028057.jpg	もうすぐ直りますよ。
20230325-150539-579	577.wav	仕事が全部終わって、今、片付けてるところです。	Yoshino	00000048/00048664.jpg	仕事が全部終わって、今、片付けているところよ。
20230325-150539-579	578.wav	エイエイ。	Yoshino	00000092/00092826.jpg	エイエイ。
20230325-150539-579	579.wav	冬に備えて、断熱加工は徹底的にやっておきます。	Yoshino	00000030/00030937.jpg	冬に備えて、断熱加工は徹底的にやっておきます。
20230325-150539-579	580.wav	その場でスライスして、お出ししています。	Yoshino	00000037/00037534.jpg	その場でスライスして、お出ししています。
20230325-150539-579	581.wav	エロすぎこん今日のおかず決定	Yoshino	00000023/00023098.jpg	エロすぎ　今日のおかず決定
20230325-150539-579	582.wav	この雑貨は新しく入荷したものですか？	Yoshino	00000068/00068283.jpg	この雑貨は新しく入荷したものですか？
20230325-154844-077	0.wav	祝福ありがとうございます	Yoshino	00000009/00009087.jpg	祝福ありがとうございます
20230325-154844-077	1.wav	すてきでしょ	Yoshino	00000073/00073018.jpg	すてきでしょ
20230325-154844-077	2.wav	くそっ。急に暴落しやがった。大損だぜ。	Yoshino	00000021/00021568.jpg	くそっ。急に暴落しやがった。大損だぜ。
20230325-154844-077	3.wav	くすぐったい！	Yoshino	00000117/00117105.jpg	くすぐったい！
20230325-154844-077	4.wav	私の後姿、どう？	Yoshino	00000077/00077738.jpg	私の後姿、どう？
20230325-154844-077	5.wav	料理の隠し味は液体窒素です。	Yoshino	00000099/00099099.jpg	料理の隠し味は液体窒素です。
20230325-154844-077	6.wav	まだ開店準備中です｡もう少しお待ちください	Yoshino	00000037/00037192.jpg	まだ開店準備中です｡もう少しお待ちください
20230325-154844-077	9.wav	お姉ちゃんと一緒にクリスマスの天使の仮装をしたのよ	Yoshino	00000010/00010808.jpg	お姉ちゃんと一緒にクリスマスの天使の仮装をしたのよ
20230325-154844-077	10.wav	若いころはギターで女の子をメロメロにしたもんさ。	Yoshino	00000043/00043965.jpg	若いころはギターで女の子をメロメロにしたもんさ。
20230325-154844-077	11.wav	編集をしている途中です。	Yoshino	00000111/00111967.jpg	編集をしている途中です。
20230325-154844-077	12.wav	コピーは何枚とればいいんだっけ？	Yoshino	00000088/00088858.jpg	コピーは何枚とればいいんだっけ？
20230325-154844-077	13.wav	受賞式は後日に改めて行います。	Yoshino	00000057/00057857.jpg	受賞式は後日に改めて行います。
20230325-154844-077	14.wav	ドリンクはここで受け取るのよ。	Yoshino	00000066/00066622.jpg	ドリンクはここで受け取るのよ。
20230325-154844-077	15.wav	私のマグカップどこにあるか知りませんか？	Yoshino	00000049/00049928.jpg	私のマグカップどこにあるか知りませんか？
20230325-154844-077	16.wav	このカップケーキの飾り付け、お願いね。	Yoshino	00000032/00032338.jpg	このカップケーキの飾り付け、お願いね。
20230325-154844-077	17.wav	今日は、お疲れ様でした。	Yoshino	00000052/00052378.jpg	今日は、お疲れ様でした。
20230325-154844-077	18.wav	チョコクッキー100個を１月い１日にご予約ですね。	Yoshino	00000056/00056779.jpg	チョコクッキー100個を１月１日にご予約ですね。
20230325-154844-077	19.wav	もちろん冷え冷えだよ！	Yoshino	00000037/00037225.jpg	もちろん冷え冷えだよ！
20230325-155017-589	0.wav	熱くなった鉄板に、こうして慎重にのせます。	Yoshino	00000099/00099434.jpg	熱くなった鉄板に、こうして慎重にのせます。
20230325-155017-589	1.wav	酔いつぶれて動けないの	Yoshino	00000017/00017464.jpg	酔いつぶれて動けないの
20230325-155017-589	2.wav	はかりますね。	Yoshino	00000057/00057107.jpg	はかりますね。
20230325-155017-589	3.wav	これを少量足して、あとは混ぜれば出来上がりです。	Yoshino	00000036/00036759.jpg	これを少量足して、あとは混ぜれば出来上がりです。
20230325-155017-589	4.wav	ごみはごみ箱へ捨てよう	Yoshino	00000102/00102630.jpg	ごみはごみ箱へ捨てよう
20230325-155017-589	5.wav	これ、あなたの好物だったわよね？	Yoshino	00000109/00109715.jpg	これ、あなたの好物だったわよね？
20230325-155017-589	6.wav	カメラ係りをありがとう。	Yoshino	00000072/00072666.jpg	カメラ係りありがとう。
20230325-155017-589	7.wav	僕がＤＪをやらせていただきます。	Yoshino	00000084/00084640.jpg	僕がＤＪをやらせていただきます。
20230325-155017-589	8.wav	あと何個分刻めばいいの？	Yoshino	00000008/00008810.jpg	あと何個分刻めばいいの？
20230325-155017-589	9.wav	まっすぐ線をしつか引くのは気を使うんで話しかけないで	Yoshino	00000029/00029853.jpg	まっすぐ線を引くのは気を使うんで話しかけないでくれ
20230325-155017-589	10.wav	ドーナツ食べる？	Yoshino	00000017/00017755.jpg	ドーナッツ食べる？
20230325-155017-589	11.wav	見てごらんよ、この大きなカブ。久しぶりにこんな大きなカブが育ったわ。	Yoshino	00000116/00116587.jpg	見てごらんよ、この大きなカブ。久しぶりにこんな大きなカブが育ったわ。
20230325-155017-589	12.wav	さぁ、これでできあがり。お待たせしました。	Yoshino	00000099/00099976.jpg	さぁ、これでできあがり。お待たせしました。
20230325-155017-589	13.wav	ぼく今大工だから、ドリルで穴をあける仕事をしてるの。	Yoshino	00000092/00092607.jpg	ぼく今大工さんだから、ドリルで穴をあける仕事してるの。
20230325-155017-589	14.wav	よし、ごちそうだぞ。	Yoshino	00000021/00021559.jpg	おっし、ごちそうだぞ。
20230325-155017-589	15.wav	お客さんがいないからカウンターで寝ちゃおうかしら？	Yoshino	00000036/00036963.jpg	お客さんがいないからカウンターで寝ちゃおうかしら？
20230325-155017-589	16.wav	ワインに合うおつまみを注文しようかしら。	Yoshino	00000097/00097554.jpg	ワインに合うおつまみ注文しようかしら。
20230325-155017-589	17.wav	予習してるから静かにしてて。	Yoshino	00000003/00003009.jpg	予習してるから静かにしてて。
20230325-155017-589	18.wav	これがただの筒だと思ったら大間違いです。	Yoshino	00000068/00068173.jpg	これがただの筒だと思ったら大間違いです。
20230325-155017-589	19.wav	休暇中なのに、仕事のメールは返さないといけないのよね。	Yoshino	00000117/00117061.jpg	休暇中なのに、仕事のメールは返さないといけないのよね。
20230325-155017-589	20.wav	大体1ヶ月ぐらいはかかりますね。	Yoshino	00000029/00029722.jpg	大体1ヶ月くらいはかかりますね。
20230325-155017-589	21.wav	重いバケツを担ぐのは一苦労だよ。	Yoshino	00000002/00002855.jpg	重いバケツを担ぐのは一苦労だよ。
20230325-155017-589	22.wav	ゲームで本格的なボウリング体験できるらしい。どんなものか試しているところだ。	Yoshino	00000018/00018187.jpg	ゲームで本格的なボウリングを体験できるらしい。どんなものか試しているところだ。
20230325-155017-589	23.wav	えーっと、もうしゃべっていいの？	Yoshino	00000043/00043273.jpg	えっと、もうしゃべってもいいの？
20230325-155017-589	24.wav	今、試験中なので話かけないで下さい。	Yoshino	00000006/00006193.jpg	今、試験中なので話かけないで下さい。
20230325-155017-589	25.wav	今日仕入れたばっかりだよ	Yoshino	00000049/00049027.jpg	今日仕入れたばっかりだよ
20230325-155017-589	26.wav	チャンネル変えるよ	Yoshino	00000006/00006726.jpg	チャンネル変えるよ
20230325-155017-589	27.wav	化粧なおしたら出かけましょうか？	Yoshino	00000020/00020404.jpg	化粧なおしたら出かけましょうか？
20230325-155017-589	28.wav	かしこく見える？	Yoshino	00000004/00004026.jpg	かしこく見える？
20230325-155017-589	29.wav	図書館内ではフラッシュなんて焚かないでよ	Yoshino	00000014/00014082.jpg	図書館内ではフラッシュなんか焚かないでよ？
20230325-155017-589	30.wav	荷台にモノを載せすぎて進みにくいです。	Yoshino	00000002/00002966.jpg	荷台にモノを載せすぎて進みにくいです。
20230325-155017-589	31.wav	すごい風船の数でしょ？	Yoshino	00000089/00089199.jpg	すごい風船の数でしょ？
20230325-155017-589	32.wav	キャディーさん写さなくても良くないですか?	Yoshino	00000069/00069055.jpg	キャディーさんは写さなくても良くないですか?
20230325-155017-589	33.wav	このゲームを始めてから、どのぐらい時間が経ってる？	Yoshino	00000014/00014693.jpg	このゲームを始めてから、どのくらい時間が経ってる？
20230325-155017-589	34.wav	輪行はいいですよ。	Yoshino	00000009/00009794.jpg	輪行はいいですよ。
20230325-155017-589	35.wav	今、ドリンクを注いでます。	Yoshino	00000056/00056236.jpg	今、ドリンク注いでます。
20230325-155017-589	36.wav	スタジオにこもりっぱなしで、なんだか仙人の気分だよ。	Yoshino	00000085/00085926.jpg	スタジオにこもりっぱなしで、なんだか仙人の気分だよ。
20230325-155017-589	37.wav	ニンジンのヘタを全て取ります。	Yoshino	00000001/00001093.jpg	ニンジンのヘタを全て取ります。
20230325-155017-589	38.wav	んー、そうだねぇ	Yoshino	00000018/00018310.jpg	んー、そうだねぇ
20230325-155017-589	39.wav	天板に均等に絞り出します。	Yoshino	00000032/00032260.jpg	天板に均等に絞り出します。
20230325-155017-589	40.wav	ヘイおまち	Yoshino	00000099/00099323.jpg	ヘイおまち
20230325-155017-589	41.wav	お皿を洗うから明日は海に連れていってね。	Yoshino	00000004/00004190.jpg	お皿を洗うから明日は海に連れていってね。
20230325-155017-589	42.wav	皆描き終ってるの？	Yoshino	00000029/00029419.jpg	皆描き終ってるの？
20230325-155017-589	43.wav	席に座れないよ。	Yoshino	00000104/00104269.jpg	席に座れないよ。
20230325-155017-589	44.wav	缶飲料は紙コップに移し変えます。	Yoshino	00000002/00002876.jpg	缶飲料は紙コップに移し変えます。
20230325-155017-589	45.wav	これ火つけると、炎がグワーっと上がったりしない？怖いわ！	Yoshino	00000015/00015207.jpg	これ火をつけると、炎がグワーっと上がったりしない？怖いわ！
20230325-161026-551	307.wav	えー床に、どんなじゅうたんを敷こうか？	Kawano	00000090/00090799.jpg	床に、どんなじゅうたんを敷こうか？
20230325-161026-551	308.wav	この人さっきから微動だにしないのよすごいと思わない？	Kawano	00000042/00042202.jpg	この人さっきから微動だにしないのよすごいと思わない？
20230325-161026-551	309.wav	±１００ｇまでだね	Kawano	00000030/00030133.jpg	±１００ｇまでだね
20230325-161026-551	310.wav	ごめんなさい、今歯磨き中なの	Kawano	00000007/00007719.jpg	ごめんなさい、今歯磨き中なの
20230325-161026-551	311.wav	PCを２台も操るなんて、デキる女でしょ？	Kawano	00000015/00015271.jpg	PCを２台も操るなんて、デキる女でしょ？
20230325-161026-551	312.wav	私もグラスを持てばいいの？	Kawano	00000021/00021376.jpg	私もグラスを持てばいいの？
20230325-161026-551	313.wav	僕のキャリーバッグかっこいいでしょ？	Kawano	00000020/00020068.jpg	僕のキャリーバッグかっこいいでしょ？
20230325-161026-551	314.wav	今日はパーティーよ！	Kawano	00000110/00110126.jpg	今日はパーティーよ！
20230325-161026-551	315.wav	飲み物を入れますから少々お待ちくださいね。	Kawano	00000002/00002900.jpg	飲み物を入れますから少々お待ちくださいね。
20230325-161026-551	316.wav	どんな映像に仕上がったんだい？	Kawano	00000058/00058858.jpg	どんな映像に仕上がったんだい？
20230325-161026-551	317.wav	雨の中待ってるのに連絡が取れないの。	Kawano	00000008/00008176.jpg	雨の中待ってるのに連絡が取れないの。
20230325-161026-551	318.wav	銃の手入れはこまめにしないとな	Kawano	00000115/00115726.jpg	銃の手入れはこまめにしないとな
20230325-161026-551	319.wav	うちは豚の丸焼きありますよ	Kawano	00000048/00048743.jpg	うちは豚の丸焼きありますよ
20230325-161026-551	320.wav	間もなく始まります	Kawano	00000107/00107391.jpg	間もなく始まります
20230325-161026-551	321.wav	一息つきましたね。	Kawano	00000056/00056276.jpg	一息つきましたね。
20230325-161026-551	322.wav	すぐ出発する。支度は済ませたか？	Kawano	00000090/00090469.jpg	すぐ出発する。支度は済ませたか？
20230325-161026-551	323.wav	この容器に何て書いてある？	Kawano	00000040/00040267.jpg	この容器に何て書いてある？
20230325-161026-551	324.wav	お父さん、晩酌ですよ	Kawano	00000002/00002903.jpg	お父さん、晩酌ですよ
20230325-161026-551	325.wav	ネコと遊ぶのはストレス発散になるよ。	Kawano	00000088/00088845.jpg	ネコと遊ぶのはストレス発散になるよ。
20230325-161026-551	326.wav	メンマ多めでしたよね。	Kawano	00000099/00099506.jpg	メンマ多めでしたよね。
20230325-161026-551	327.wav	収録の邪魔しないでね	Kawano	00000086/00086727.jpg	収録の邪魔をしないでね
20230325-161026-551	328.wav	少しオマケしておくよ。	Kawano	00000008/00008501.jpg	少しオマケしておくよ。
20230325-161026-551	329.wav	ビールは僕がついであげるよ。	Kawano	00000002/00002891.jpg	ビールは僕がついであげるよ。
20230325-161026-551	330.wav	この化粧品、私に似合うと思う？	Kawano	00000041/00041218.jpg	この化粧品、私に似合うと思う？
20230325-161026-551	331.wav	この一番上のパックがよさそうだと思うけどどう思う？	Kawano	00000049/00049184.jpg	この一番上のパックがよさそうだと思うけどどう？
20230325-161026-551	332.wav	続いて、嬉しいニュースをお伝えします	Kawano	00000087/00087855.jpg	続いて、嬉しいニュースをお伝えします
20230325-161026-551	333.wav	そろそろ洗い終わるよ	Kawano	00000076/00076479.jpg	そろそろ洗い終わるよ
20230325-161026-551	334.wav	あなたも飲むでしょ？コップを頂戴。	Kawano	00000002/00002929.jpg	あなたも飲むでしょ？コップを頂戴。
20230325-161026-551	335.wav	今着ていた物も、洗濯機にはい入れちゃった。	Kawano	00000077/00077507.jpg	今着ていた物も、洗濯機に入れちゃった。
20230325-161026-551	336.wav	ワゴンセールのものを何冊か買うけど、あなたはいらないの？	Kawano	00000007/00007071.jpg	ワゴンセールのものを何冊か買うけど、あなたはいらないの？
20230325-161026-551	337.wav	カップいっぱい有るね	Kawano	00000019/00019703.jpg	カップいっぱい有るね
20230325-161026-551	338.wav	表面が焼けたのでコショウをかけます	Kawano	00000099/00099037.jpg	表面が焼けたのでコショウをかけます
20230325-161026-551	341.wav	キャビアを添えます。	Kawano	00000098/00098457.jpg	キャビアを添えます。
20230325-161026-551	342.wav	もう少し深く掘りましょう	Kawano	00000074/00074790.jpg	もう少し深く掘りましょう
20230325-161026-551	343.wav	単純作業は疲れるよ	Kawano	00000076/00076948.jpg	単純作業は疲れるよ
20230325-161026-551	344.wav	私達の並びはクリスマスツリーみたいでしょ？	Kawano	00000010/00010808.jpg	私達の並びクリスマスツリーみたいでしょ
20230325-161026-551	349.wav	パンケーキはまだか	Kawano	00000037/00037490.jpg	パンケーキはまだか
20230325-161026-551	350.wav	あ、いらっしゃい	Kawano	00000027/00027661.jpg	あ、いらっしゃい
20230325-161026-551	353.wav	見つかったか。	Kawano	00000092/00092136.jpg	見つかったか。
20230325-161026-551	354.wav	今日の昼食はピザだよ。	Kawano	00000018/00018000.jpg	今日の昼食はピザだよ。
20230325-161026-551	357.wav	ブンブン、危ないですよ。	Kawano	00000015/00015926.jpg	ブンブン、危ないですよ。
20230325-161026-551	358.wav	この装置に検査薬を入れてみますね。	Kawano	00000088/00088461.jpg	この装置に検査薬を入れてみますね。
20230325-161026-551	359.wav	祝福ありがとうございます	Kawano	00000009/00009087.jpg	祝福ありがとうございます
20230325-161026-551	360.wav	すてきでしょ	Kawano	00000073/00073018.jpg	すてきでしょ
20230325-161026-551	361.wav	くそっ。急に暴落しやがった。大損だぜ。	Kawano	00000021/00021568.jpg	くそっ。急に暴落しやがった。大損だぜ。
20230325-161026-551	362.wav	くすぐったい！	Kawano	00000117/00117105.jpg	くすぐったい！
20230325-161026-551	363.wav	私の後姿、どう？	Kawano	00000077/00077738.jpg	私の後姿、どう？
20230325-161026-551	364.wav	料理の隠し味は液体窒素です。	Kawano	00000099/00099099.jpg	料理の隠し味は液体窒素です。
20230325-161026-551	371.wav	編集をしてる途中です。	Kawano	00000111/00111967.jpg	編集をしている途中です。
20230325-161026-551	372.wav	コピーは何枚とればいいんだっ	Kawano	00000088/00088858.jpg	コピーは何枚とればいいんだっけ？
20230325-161026-551	374.wav	受賞式は後日に改めて行います。	Kawano	00000057/00057857.jpg	受賞式は後日に改めて行います。
20230325-161026-551	375.wav	ドリンクはここで受け取るのよ。	Kawano	00000066/00066622.jpg	ドリンクはここで受け取るのよ。
20230325-161026-551	376.wav	私のマグカップどこにあるか知りませんか？	Kawano	00000049/00049928.jpg	私のマグカップどこにあるか知りませんか？
20230325-161026-551	377.wav	このカップケーキの飾り付け、おとりお願いね。	Kawano	00000032/00032338.jpg	このカップケーキの飾り付け、お願いね。
20230325-161026-551	378.wav	今日は、お疲れ様でした。	Kawano	00000052/00052378.jpg	今日は、お疲れ様でした。
20230325-161026-551	381.wav	もちろん冷え冷えだよ！	Kawano	00000037/00037225.jpg	もちろん冷え冷えだよ！
20230325-161026-551	382.wav	どうだいこのビート。	Kawano	00000084/00084028.jpg	どうだいこのビート。
20230325-161026-551	385.wav	ソースはたっぷり掛けておくよ。	Kawano	00000014/00014636.jpg	ソースはたっぷり掛けておくよ。
20230325-161026-551	388.wav	酔いつぶれて動けないの	Kawano	00000017/00017464.jpg	酔いつぶれて動けないの
20230325-161026-551	389.wav	はかりますね。	Kawano	00000057/00057107.jpg	はかりますね。
20230325-161026-551	392.wav	ごみはごみ箱へ捨てよう	Kawano	00000102/00102630.jpg	ごみはごみ箱へ捨てよう
20230325-161026-551	393.wav	これ、あなたの好物だったわよね？	Kawano	00000109/00109715.jpg	これ、あなたの好物だったわよね？
20230325-161026-551	394.wav	カメラ係りありがとう。	Kawano	00000072/00072666.jpg	カメラ係りありがとう。
20230325-161026-551	395.wav	僕がＤＪをやらせていただきます。	Kawano	00000084/00084640.jpg	僕がＤＪをやらせていただきます。
20230325-161026-551	396.wav	あと何個分刻めばいいの？	Kawano	00000008/00008810.jpg	あと何個分刻めばいいの？
20230325-161026-551	399.wav	ドーナツ食べる？	Kawano	00000017/00017755.jpg	ドーナッツ食べる？
20230325-161026-551	400.wav	見てごらんよ、この大きなカブ。	Kawano	00000116/00116587.jpg	見てごらんよ、この大きなカブ。久しぶりにこんな大きなカブが育ったわ。
20230325-161026-551	405.wav	ドリルで穴をあける仕事をしてるの。	Kawano	00000092/00092607.jpg	ぼく今大工さんだから、ドリルで穴をあける仕事してるの。
20230325-161026-551	406.wav	おっし、ごちそうだぞ。	Kawano	00000021/00021559.jpg	おっし、ごちそうだぞ。
20230325-161026-551	408.wav	カウンターで寝ちゃおうかしら？	Kawano	00000036/00036963.jpg	お客さんがいないからカウンターで寝ちゃおうかしら？
20230325-161026-551	409.wav	ワインに合うおつまみ注文しようかしら。	Kawano	00000097/00097554.jpg	ワインに合うおつまみ注文しようかしら。
20230325-161026-551	411.wav	予習してるから静かにしてて。	Kawano	00000003/00003009.jpg	予習してるから静かにしてて。
20230325-161026-551	412.wav	これがただの筒だと思ったら大間違いです。	Kawano	00000068/00068173.jpg	これがただの筒だと思ったら大間違いです。
20230325-161026-551	415.wav	大体1ヶ月ぐらいかかりますね。	Kawano	00000029/00029722.jpg	大体1ヶ月くらいはかかりますね。
20230325-161026-551	416.wav	重いバケツを担ぐのは一苦労だよ。	Kawano	00000002/00002855.jpg	重いバケツを担ぐのは一苦労だよ。
20230325-161026-551	419.wav	えっと、もうしゃべってもいいの？	Kawano	00000043/00043273.jpg	えっと、もうしゃべってもいいの？
20230325-161026-551	420.wav	今、試験中なので話かけないで下さい。	Kawano	00000006/00006193.jpg	今、試験中なので話かけないで下さい。
20230325-161026-551	421.wav	今日仕入れたばっかりだよ	Kawano	00000049/00049027.jpg	今日仕入れたばっかりだよ
20230325-161026-551	422.wav	チャンネル変えるよ	Kawano	00000006/00006726.jpg	チャンネル変えるよ
20230325-161026-551	423.wav	化粧なおしたら出かけましょうか？	Kawano	00000020/00020404.jpg	化粧なおしたら出かけましょうか？
20230325-161026-551	424.wav	かしこく見える？	Kawano	00000004/00004026.jpg	かしこく見える？
20230325-161026-551	425.wav	図書館内ではフラッシュなんかた焚かないでよ	Kawano	00000014/00014082.jpg	図書館内ではフラッシュなんか焚かないでよ？
20230325-161026-551	426.wav	荷台にモノを載せすぎて進みにくいです。	Kawano	00000002/00002966.jpg	荷台にモノを載せすぎて進みにくいです。
20230325-161026-551	427.wav	ものすごい風船の数でしょ？	Kawano	00000089/00089199.jpg	すごい風船の数でしょ？
20230325-161026-551	428.wav	キャディーさんは写さなくても良くないですか?	Kawano	00000069/00069055.jpg	キャディーさんは写さなくても良くないですか?
20230325-161026-551	433.wav	ドリンク注いでいます。	Kawano	00000056/00056236.jpg	今、ドリンク注いでます。
20230325-161026-551	436.wav	ニンジンのヘタを全て取ります。	Kawano	00000001/00001093.jpg	ニンジンのヘタを全て取ります。
20230325-161026-551	437.wav	んー、そうだねぇ	Kawano	00000018/00018310.jpg	んー、そうだねぇ
20230325-161026-551	438.wav	天板に均等に絞り出します。	Kawano	00000032/00032260.jpg	天板に均等に絞り出します。
20230325-161026-551	439.wav	ヘイおまち	Kawano	00000099/00099323.jpg	ヘイおまち
20230325-161026-551	441.wav	明日は海に連れていってね。	Kawano	00000004/00004190.jpg	お皿を洗うから明日は海に連れていってね。
20230325-161026-551	442.wav	皆描き終ってるの？	Kawano	00000029/00029419.jpg	皆描き終ってるの？
20230325-161026-551	443.wav	席に座れないよ。	Kawano	00000104/00104269.jpg	席に座れないよ。
20230325-161026-551	445.wav	紙コップに移し変えます。	Kawano	00000002/00002876.jpg	缶飲料は紙コップに移し変えます。
20230325-161026-551	446.wav	これ火をつけると、炎がグワーっと上がったりしない？	Kawano	00000015/00015207.jpg	これ火をつけると、炎がグワーっと上がったりしない？怖いわ！
20230325-161026-551	448.wav	とりあえず、今日の予定を組んでおかないと。	Kawano	00000078/00078686.jpg	とりあえず、今日の予定を組んでおかないと。
20230325-161026-551	449.wav	今日は一体どんな用件で？	Kawano	00000016/00016831.jpg	今日は一体どんな用件で？
20230325-161026-551	450.wav	洋服も全部出すよ。	Kawano	00000054/00054605.jpg	洋服も全部出すよ。
20230325-161026-551	451.wav	またあいつ寝坊か？	Kawano	00000086/00086554.jpg	またあいつ寝坊か？
20230325-161026-551	452.wav	どう、やわらかいでしょ？	Kawano	00000041/00041981.jpg	どう、やわらかいでしょ？
20230325-161026-551	457.wav	机の上は僕が片づけるから触らないで。	Kawano	00000017/00017654.jpg	机の上は僕が片づけるから触らないで。
20230325-161026-551	458.wav	もう出来上がるわよ	Kawano	00000000/00000638.jpg	もう出来上がるわよ
20230325-161026-551	459.wav	ヒジャブ無しでいいかしら	Kawano	00000021/00021173.jpg	ひじゃぶ無しでいいかしら
20230325-161026-551	460.wav	学校であった授業の復習です。	Kawano	00000088/00088922.jpg	学校であった授業の復習です。
20230325-161026-551	461.wav	おかわりは頼まないの？	Kawano	00000003/00003540.jpg	おかわりは頼まないの？
20230325-161026-551	462.wav	もう2cmほど削ったほうがいいな。	Kawano	00000059/00059391.jpg	もう2cmほど削ったほうがいいな。
20230325-161026-551	463.wav	この鍛え具合どうですか？	Kawano	00000029/00029646.jpg	この鍛え具合どうですか？
20230325-161026-551	464.wav	うわぁドライアイスがスゴイ！	Kawano	00000097/00097525.jpg	うわぁドライアイスがスゴイ！おしゃれね。
20230325-161026-551	466.wav	難しく見えるだろうが、基本は自動運転だよ。	Kawano	00000056/00056101.jpg	難しく見えるだろうが、基本は自動運転だよ。
20230325-161026-551	467.wav	弾いてみるから、曲名を当ててみて。	Kawano	00000062/00062579.jpg	弾いてみるから、曲名を当ててみて。
20230325-161026-551	468.wav	レポート終わんないよ	Kawano	00000052/00052124.jpg	レポート終わんないよ
20230325-161026-551	469.wav	ダイブだ！	Kawano	00000040/00040664.jpg	ダイブだ！
20230325-161026-551	470.wav	みなさんありがとう	Kawano	00000012/00012672.jpg	みなさんありがとう
20230325-161026-551	471.wav	いいから仕事しろよ	Kawano	00000007/00007907.jpg	いいから仕事しろよ
20230325-161026-551	472.wav	どこで料理の勉強をしたかって？	Kawano	00000066/00066840.jpg	どこで料理の勉強したかって？「服部幸應専門学校」だよ？知ってるだろ？有名だもんな。
20230325-161026-551	476.wav	点滴はあと何分？	Kawano	00000072/00072238.jpg	点滴はあと何分？
20230325-161026-551	477.wav	私、財布をどのポケットに入れたか覚えてない？	Kawano	00000109/00109776.jpg	私、財布をどのポケットに入れたか覚えてない？
20230325-161026-551	478.wav	参ったよ、今日の売上はじゅぎょう従業員の給料を払ったら赤字だ。	Kawano	00000056/00056148.jpg	参ったよ、今月の売上では従業員の給料を払ったら赤字だ。
20230325-161026-551	479.wav	釘で打ち付ける前にえ糊付けするときれいにしあが仕上がるんです	Kawano	00000040/00040285.jpg	釘で打ち付ける前に糊付けするときれいに仕上がるんです
20230325-161026-551	480.wav	厨房狭いでしょう？	Kawano	00000066/00066833.jpg	厨房狭いでしょう？
20230325-161026-551	481.wav	飛びます跳びます	Kawano	00000101/00101985.jpg	飛びます跳びます
20230325-161026-551	482.wav	それでは15ページを開いて下さい。	Kawano	00000043/00043023.jpg	それでは15ページを開いて下さい。
20230325-161026-551	483.wav	うまい肉だから包んであげるよ	Kawano	00000049/00049231.jpg	うまい肉だから包んであげるよ
20230325-161026-551	484.wav	論文を書き終えるまでそっとしておいてください	Kawano	00000043/00043432.jpg	論文を書き終えるまでそっとしておいてください
20230325-161026-551	485.wav	この黄色いローブって何に使うんですか？	Kawano	00000048/00048532.jpg	この黄色いロープって何に使うんですか？
20230325-161026-551	486.wav	丸の位置に足を合わせるの？	Kawano	00000076/00076117.jpg	丸の位置に足を合わせるの？
20230325-161026-551	489.wav	明日の会議をー成功させなくっちゃいけないから、準備をちゃんとやっておかないといけないんですよ。	Kawano	00000096/00096891.jpg	明日の会議は成功させなくっちゃいけないから、準備をちゃんとやっておかないといけないんですよ。
20230325-161026-551	490.wav	ピース。	Kawano	00000096/00096817.jpg	ピース。
20230325-161026-551	491.wav	通路を塞いでしまってごめんなさい。	Kawano	00000012/00012601.jpg	通路を塞いでしまってごめんなさい。
20230325-161026-551	492.wav	おもてなしよ	Kawano	00000073/00073024.jpg	おもてなしよ
20230325-161026-551	493.wav	ご利用ありがとうございました。	Kawano	00000099/00099165.jpg	ご利用ありがとうございました。
20230325-161026-551	496.wav	トイレに並べるのを手伝ってくださる？	Kawano	00000077/00077266.jpg	トレイに並べるのを手伝ってくださる？
20230325-161026-551	500.wav	後は個人のセンスによって模様などを付けていきます。	Kawano	00000029/00029347.jpg	後は個人のセンスによって模様などを付けていきます。
20230325-161026-551	503.wav	みんなの昼ごはんを写真に撮ろうよ。	Kawano	00000012/00012555.jpg	みんなの昼ごはんを写真に撮ろうよ。
20230325-161026-551	504.wav	うりゃー	Kawano	00000036/00036393.jpg	うりゃー
20230325-161026-551	505.wav	今日も私のトーク聴いてくれてありがとう。	Kawano	00000088/00088214.jpg	今日も私のトーク聴いてくれてありがとう。
20230325-161026-551	506.wav	使い込んでんだろ？	Kawano	00000083/00083001.jpg	使い込んでるだろ
20230325-161026-551	507.wav	赤い口紅イケてるでしょう？	Kawano	00000055/00055298.jpg	赤い口紅イケてるでしょう？
20230325-161026-551	508.wav	この向きで貼り付けるのがいいと思うけど、どう？	Kawano	00000070/00070097.jpg	この向きで貼り付けるのがいいと思うけど、どう？
20230325-161026-551	509.wav	服装は自由なの	Kawano	00000087/00087880.jpg	服装は自由なの
20230325-161026-551	510.wav	あれで見やすくなったでしょ？	Kawano	00000058/00058953.jpg	あれで見やすくなったでしょ？
20230325-161026-551	511.wav	よし着地は上々。	Kawano	00000114/00114227.jpg	よし着地は上々。後ろはまだ着いて来ないわよね。
20230325-161026-551	513.wav	こども服は、どれを選ぼうかな。	Kawano	00000028/00028428.jpg	こども服は、どれを選ぼうかな。
20230325-161026-551	514.wav	そろそろ暗くなりそうだから帰る用意するよ。	Kawano	00000103/00103998.jpg	そろそろ暗くなりそうだから帰る用意するよ。
20230325-161026-551	515.wav	これくらいは全然平気ですよ	Kawano	00000059/00059420.jpg	これくらいは全然平気ですよ
20230325-161026-551	516.wav	この奥にアクセサリを仕舞ったはずなんだけど	Kawano	00000055/00055176.jpg	この奥にアクセサリを仕舞ったはずなんだけど見つからないわ。
20230325-161026-551	518.wav	音響機材の操作が間に合わないよ。	Kawano	00000084/00084666.jpg	音響機材の操作が間に合わないよ。
20230325-161026-551	519.wav	一気飲みだよ	Kawano	00000022/00022024.jpg	一気飲みだよ
20230325-161026-551	520.wav	ただいまの時間から店内商品全て20％オフです。	Kawano	00000032/00032092.jpg	ただいまの時間から店内商品全て20％オフです。
20230325-161026-551	521.wav	うぎゃー	Kawano	00000072/00072529.jpg	んぎゃー
20230325-161026-551	522.wav	誓います	Kawano	00000022/00022635.jpg	誓います
20230325-161026-551	524.wav	レシートの枚数が足りないよ。	Kawano	00000028/00028590.jpg	いまのところ計算の合計は出てるけれど、レシートの枚数が足りないのよ。
20230325-161026-551	525.wav	脂身は取り除きます。	Kawano	00000048/00048683.jpg	脂身は取り除きます。
20230325-161026-551	528.wav	お見舞いに来てくれてありがとう。	Kawano	00000006/00006378.jpg	お見舞いに来てくれてありがとう。
20230325-161026-551	529.wav	どのキーを押せばいいの？	Kawano	00000004/00004026.jpg	どのキーを押せばいいの？
20230325-161026-551	532.wav	雑誌を買ってきてくれてありがとう。	Kawano	00000072/00072950.jpg	雑誌を買ってきてくれてありがとう。
20230325-161026-551	533.wav	色んな惣菜あるけど買わないかい？	Kawano	00000079/00079157.jpg	色んな惣菜あるけど買わないかい？
20230325-161026-551	534.wav	スケートボートを返すのはこうやってやるの。	Kawano	00000011/00011168.jpg	スケートボートを返すのはこうやってやるの。
20230325-161026-551	535.wav	こんばんは	Kawano	00000096/00096771.jpg	こんばんは
20230325-161026-551	536.wav	メッチャ美味いよ	Kawano	00000011/00011750.jpg	メッチャ美味いよ
20230325-161026-551	537.wav	シケた顔してるでしょ？	Kawano	00000020/00020838.jpg	シケた顔してるでしょ？
20230325-161026-551	538.wav	明日のプランたてようか？	Kawano	00000062/00062469.jpg	明日のプランたてようか？
20230325-161026-551	541.wav	では、自己紹介させていただきます。	Kawano	00000026/00026379.jpg	では、自己紹介させていただきます。
20230325-161026-551	542.wav	ふんわり浮いている感じで頼むよ	Kawano	00000019/00019240.jpg	ふんわり浮いている感じで頼むよ
20230325-161026-551	543.wav	ちょっと。こんな高そうなレストラン来て大丈夫なの？	Kawano	00000097/00097732.jpg	ちょっと。こんな高そうなレストラン来て大丈夫なの？
20230325-161026-551	544.wav	いい？始めるよ？	Kawano	00000038/00038044.jpg	いい？始めるよ？
20230325-161026-551	545.wav	がんばれ！	Kawano	00000113/00113668.jpg	がんばれ！
20230325-161026-551	550.wav	マズくはないよ	Kawano	00000012/00012110.jpg	マズくはないよ
20230325-161026-551	551.wav	テレビを観てるの	Kawano	00000004/00004383.jpg	テレビを観てるの
20230325-161026-551	552.wav	このパソコンだけソフトがインストールできなかったから、ちょっと見てくれないか？	Kawano	00000008/00008764.jpg	このパソコンだけソフトがインストールできなから、ちょっと見てくれないか？
20230325-161026-551	553.wav	スポークが折れてたんだよね	Kawano	00000001/00001713.jpg	スポークが折れてたんだよね
20230325-161026-551	554.wav	お勧めですよ。	Kawano	00000032/00032102.jpg	お勧めですよ。
20230325-161026-551	555.wav	文化祭に何をするか話合いましょ。	Kawano	00000028/00028443.jpg	文化祭に何をするか話合いましょ。
20230325-161026-551	556.wav	私が捕まえた泥棒の事件のってるわ	Kawano	00000022/00022522.jpg	私が捕まえた泥棒の事件のってるわ
20230325-161026-551	557.wav	走りますね。	Kawano	00000114/00114038.jpg	走りますね。
20230325-161026-551	558.wav	今日は僕が片付ける日なんだ。	Kawano	00000076/00076479.jpg	今日は僕が片付ける日なんだ。
20230325-161026-551	559.wav	コーナーは菌が溜まりやすいので	Kawano	00000076/00076738.jpg	コーナーは菌が溜まりやすいので念入りに散布しましょう。
20230325-161026-551	560.wav	念入りにー散布しましょう。	Kawano	00000017/00017040.jpg	今日はタバコを何本吸ったか数えてみるよ。
20230325-161026-551	563.wav	画像を送るから待って。	Kawano	00000003/00003756.jpg	画像を送るから待って。
20230325-161026-551	564.wav	本日の料理はダイエット向けのこくらメニューです。	Kawano	00000076/00076808.jpg	本日の料理はダイエット向けの小食メニューです。
20230325-161026-551	565.wav	私のラッキーカラーは黒です。	Kawano	00000040/00040966.jpg	私のラッキーカラーは黒です。
20230325-161026-551	566.wav	あなたは何故私に付いてくるのですか？	Kawano	00000060/00060087.jpg	あなたは何故私に付いてくるのですか？
20230325-161026-551	567.wav	最後にこいつをのせるんだ。	Kawano	00000099/00099125.jpg	最後にこいつをのせるんだ。
20230325-161026-551	568.wav	オーダーは初めてですか。	Kawano	00000101/00101678.jpg	オーダーは初めてですか。
20230325-161026-551	569.wav	一時しのぎの補修だけど、何とか頑張るよ。	Kawano	00000001/00001626.jpg	一時しのぎの補修だけど、何とか頑張るよ。
20230325-161026-551	570.wav	先にご飯食べますよ。	Kawano	00000050/00050270.jpg	先にご飯食べますよ。
20230325-161026-551	571.wav	ミキサーでかき混ぜたら次は鍋で煮るんだよ	Kawano	00000016/00016250.jpg	ミキサーでかき混ぜたら次は鍋で煮るんだ
20230325-161026-551	572.wav	まず、右の正拳を入れる。そして、	Kawano	00000081/00081005.jpg	まず、右の正拳を入れる。そして、
20230325-161026-551	573.wav	該当の資料はデーターベース上にはないようです。	Kawano	00000087/00087903.jpg	該当の資料はデーターベース上にはないようです。
20230325-161026-551	575.wav	近未来っぽくみえる？	Kawano	00000088/00088542.jpg	どう近未来っぽくみえる？
20230325-161026-551	576.wav	すみませんが、研究室では撮影するのはご遠慮ください。	Kawano	00000002/00002283.jpg	すみませんが、研究室では撮影するのはご遠慮ください。
20230325-161026-551	577.wav	この中から好きなものを選んじゃって良いのですか？	Kawano	00000012/00012787.jpg	この中から好きなものを選んじゃって良いのですか？
20230325-161026-551	578.wav	夕しゃくの仕度をしています。	Kawano	00000076/00076978.jpg	夕飯の仕度をしています。
20230325-161026-551	579.wav	イスの配置はこのあたりでよいのかしら？	Kawano	00000022/00022083.jpg	イスの配置はこのあたりでよいかしら？
20230325-161026-551	580.wav	キャンドルいっぱいでしょう	Kawano	00000087/00087029.jpg	キャンドルいっぱいでしょう
20230325-161026-551	583.wav	ここに植えればいいの?	Kawano	00000002/00002025.jpg	ここに植えればいいの?
20230325-161026-551	584.wav	どこまで、あの選手は投げるかな？	Kawano	00000114/00114257.jpg	どこまで、あの選手は投げるかな？。
20230325-161026-551	587.wav	本物そっくりでしょ	Kawano	00000029/00029177.jpg	本物そっくりでしょ
20230325-161026-551	588.wav	めんどくさい	Kawano	00000020/00020260.jpg	めんどくさい
20230325-161026-551	589.wav	子供たちはこういうパズルを使ってアルファベットを覚えるんですよー	Kawano	00000087/00087445.jpg	子供たちはこういうパズルを使ってアルファベットを覚えるんですよ
20230325-161026-551	590.wav	自力で身体を動かすことが出来るかちょっと見ていてください。	Kawano	00000070/00070330.jpg	自力で身体を動かすことが出来るかちょっと見ていてください。
20230325-161026-551	591.wav	雨が降りそうだから早めに広げたよ。	Kawano	00000103/00103395.jpg	雨が降りそうだから早めに広げたよ。商品が濡れたらたいへんだからね。
20230325-161026-551	593.wav	フラインぎグディスクとったどー。	Kawano	00000007/00007293.jpg	フライングディスクとったどー。
20230325-161026-551	594.wav	デザートにはこのスイカをお持ちします。	Kawano	00000097/00097694.jpg	デザートにはこのスイカをお持ちします。
20230325-161026-551	595.wav	わかったわかった、起きるから大声出さないで	Kawano	00000062/00062611.jpg	わかったわかった、起きるから大声出さないで
20230325-161026-551	596.wav	ほーら、かわいくできたでしょ	Kawano	00000032/00032061.jpg	ほーら、かわいくできたでしょ
20230325-161026-551	597.wav	両手で混ぜるから早いよ。	Kawano	00000005/00005066.jpg	両手で混ぜるから早いよ。
20230325-161026-551	598.wav	粘土で遊びますよ。	Kawano	00000052/00052890.jpg	粘土で遊びます。
20230325-161026-551	599.wav	地味な工程でしょ？	Kawano	00000066/00066717.jpg	地味な工程でしょ？
20230325-161026-551	600.wav	食器洗い手伝うよ	Kawano	00000004/00004198.jpg	食器洗い手伝うよ？
20230325-161026-551	602.wav	君も話し合いに参加したら？	Kawano	00000119/00119120.jpg	おーい、君も話し合いに参加したら？
20230325-161026-551	603.wav	キャー噛まれたわ	Kawano	00000068/00068323.jpg	キャー噛まれたわ助けてー、なんてね
20230325-161026-551	605.wav	美味しそうな匂いがしてきたでしょ？	Kawano	00000015/00015315.jpg	美味しそうな匂いがしてきたでしょ？
20230325-161026-551	606.wav	いぇ〜い	Kawano	00000037/00037357.jpg	いぇ～い
20230325-161026-551	607.wav	生ハムはお好きですか。	Kawano	00000097/00097315.jpg	生ハムはお好きですか。どうぞ食べてみて下さい。
20230325-161026-551	609.wav	今から、微調整するから	Kawano	00000040/00040142.jpg	今から、微調整するから
20230325-161026-551	610.wav	案外暖かいでしょ	Kawano	00000074/00074722.jpg	案外暖かいでしょ
20230325-161026-551	611.wav	このテープで固定しておきましょう。	Kawano	00000022/00022901.jpg	このテープで固定しておきましょう。
20230325-161026-551	612.wav	すこし、お待ちください。	Kawano	00000089/00089407.jpg	すこし、お待ちください。
20230325-161026-551	613.wav	ドライバーで飛ばすよ	Kawano	00000064/00064234.jpg	ドライバーで飛ばすよ？
20230325-161026-551	614.wav	タレに絡めると本当にあまき甘みが増しておいしい。	Kawano	00000065/00065677.jpg	タレに絡めると本当に甘みが増しておいしい。
20230325-161026-551	615.wav	それでこのレシートの代金は誰が払うのですか？	Kawano	00000010/00010871.jpg	それでこのレシートの代金は誰が払うのですか？
20230325-161026-551	616.wav	タバコがしけっちまうのよー。	Kawano	00000017/00017040.jpg	タバコがしけっちまうよー。
20230325-161026-551	617.wav	先ずは腹ごしらえよ	Kawano	00000073/00073065.jpg	先ずは腹ごしらえよ
20230325-161026-551	618.wav	よおく火にかざすのです。	Kawano	00000036/00036606.jpg	よおく火にかざすのです。
20230325-161026-551	619.wav	異常なーし！	Kawano	00000032/00032316.jpg	異常なし！
20230325-161026-551	622.wav	胸の事はほっといて下さい。セクハラですよ。	Kawano	00000089/00089130.jpg	胸の事はほっといて下さい。セクハラですよ。
20230325-161026-551	623.wav	しっかりつかまっていろよ！	Kawano	00000095/00095389.jpg	しっかりつかまっていろよ！
20230325-161026-551	625.wav	乾いたら色付けよ	Kawano	00000030/00030557.jpg	乾いたら色付けよ
20230325-161026-551	627.wav	今日は僕のDJで盛り上がるよ。	Kawano	00000036/00036580.jpg	今日は僕のDJで盛り上げるぞ。
20230325-161026-551	628.wav	僕の今までの練習の成果を聴いておくれ	Kawano	00000043/00043965.jpg	僕の今までの練習の成果を聴いておくれ
20230325-161026-551	629.wav	揚げたてのフライを食べてみる？	Kawano	00000017/00017385.jpg	揚げたてのフライを食べてみる？
20230325-161026-551	630.wav	カメラにおさめておきます	Kawano	00000083/00083466.jpg	カメラにおさめておきます
20230325-161026-551	631.wav	ぴーす！	Kawano	00000072/00072666.jpg	ぴーす！
20230325-161026-551	632.wav	焼きそば食べてかない？	Kawano	00000000/00000645.jpg	焼きそば食べてかない？
20230325-161026-551	633.wav	君もタバコ吸いたいならあげるよ	Kawano	00000003/00003508.jpg	君もタバコ吸いたいならあげるよ
20230325-161026-551	634.wav	へぇ、そうなんですか？	Kawano	00000112/00112138.jpg	へぇ、そうなんですか？
20230325-161026-551	635.wav	じゃあ入刀しますよ	Kawano	00000011/00011088.jpg	じゃあ入刀しますよ
20230325-161026-551	636.wav	えへへ、おいしい	Kawano	00000090/00090523.jpg	へへへ、おいしー
20230325-161026-551	637.wav	採取した組織を顕微鏡で観察します。	Kawano	00000002/00002229.jpg	採取した組織を顕微鏡で観察します。
20230325-161026-551	638.wav	ジャーンプ	Kawano	00000114/00114549.jpg	ジャーンプ
20230325-161026-551	639.wav	誕生日ケーキ用意してくれてどうもありがとう。	Kawano	00000014/00014592.jpg	誕生日ケーキを用意してくれてどうもありがとう。
20230325-161026-551	640.wav	上手に弾けているでしょ？	Kawano	00000086/00086217.jpg	上手に弾けているでしょ？
20230325-161026-551	641.wav	ブロッコリは嫌だ。	Kawano	00000009/00009376.jpg	ブロッコリは嫌だ。
20230325-161026-551	644.wav	これテレビなの？私映るの？	Kawano	00000004/00004948.jpg	コレテレビなの？私映るの？
20230325-161026-551	649.wav	サイズはこれでよかった？	Kawano	00000055/00055198.jpg	サイズはこれでよかった？
20230325-161026-551	650.wav	テントを立てるのを、手伝ってもらえませんか？	Kawano	00000050/00050330.jpg	テントを立てるのを、手伝ってもらえませんか？
20230325-161026-551	651.wav	きまった！	Kawano	00000011/00011060.jpg	きまった！
20230325-161026-551	652.wav	きゃっ倒れる	Kawano	00000054/00054559.jpg	きゃっ倒れる
20230325-161026-551	653.wav	海賊よ。	Kawano	00000051/00051281.jpg	海賊よ。
20230325-161026-551	654.wav	どれにしょうかしら？	Kawano	00000055/00055329.jpg	どれにしょうかしら？
20230325-161026-551	657.wav	チアーズ！	Kawano	00000097/00097598.jpg	チアーズ！
20230325-161026-551	658.wav	絵の具の上から固着剤を塗るんですよ	Kawano	00000074/00074228.jpg	絵の具の上から固着剤を塗るんですよ
20230325-161026-551	659.wav	料理を作ってもらったらいお礼に、皿洗いをするよ。	Kawano	00000004/00004287.jpg	料理を作ってもらったお礼に、皿洗いをするよ。
20230325-161026-551	661.wav	生地を薄く延ばします。	Kawano	00000099/00099886.jpg	麺棒を水平に転がして生地を薄く延ばします。
20230325-161026-551	662.wav	これ、アルコール度数いくつ？	Kawano	00000013/00013906.jpg	これ、アルコール度数いくつ！
20230325-161026-551	663.wav	そいつをやればいいの？	Kawano	00000037/00037170.jpg	そいつをやればいいの？
20230325-161026-551	664.wav	中々できないので、連絡してる所です。	Kawano	00000006/00006859.jpg	中々来ないので、連絡している所です。
20230325-161026-551	665.wav	3Gのプログラムをこれから動かしてみるんだけれどやってみますか？	Kawano	00000008/00008182.jpg	3Ｄのプログラムをこれから動かしてみるのだけれど見てみますか？
20230325-161026-551	666.wav	やあ、おはよう	Kawano	00000056/00056515.jpg	やあ、おはよう
20230325-161026-551	667.wav	旅の記録をその都度書き留めるのよ	Kawano	00000004/00004726.jpg	旅の記録をその都度書き留めるのよ
20230325-161026-551	668.wav	野菜やすいかをカットしてぽりぶくポリ箱に入れましょう。	Kawano	00000052/00052899.jpg	野菜やすいかをカットしてポリ箱に入れましょう。
20230325-161026-551	669.wav	次、負けたら、交代するよ。	Kawano	00000019/00019296.jpg	次、負けたら、交代するよ。
20230325-161026-551	673.wav	ドールのいしょう衣装作りはハマると凝ってしまうんですよ。	Kawano	00000061/00061961.jpg	ドールの衣装作りはハマると凝ってしまうんですよ。
20230325-161026-551	674.wav	セクシーでしょ	Kawano	00000027/00027137.jpg	セクシーでしょ
20230325-161026-551	675.wav	いっぱいかくの？	Kawano	00000027/00027818.jpg	いっぱいかくの
20230325-161026-551	679.wav	えーっとごめんなさいな、磨くと見違えるわ	Kawano	00000051/00051032.jpg	ごらんなさいな、磨くと見違えるわ
20230325-161026-551	680.wav	綺麗なお花でしょ？	Kawano	00000077/00077406.jpg	綺麗な花でしょ？
20230325-161026-551	682.wav	戦場でも息抜きは大事だぞ。	Kawano	00000116/00116020.jpg	お前もこっちに来いよ、戦場でも息抜きは大事だぞ。
20230325-161026-551	685.wav	朝刊の一面はこの記事でいこう。	Kawano	00000088/00088205.jpg	朝刊の一面はこの記事でいこう。
20230325-161026-551	686.wav	どうすれば電源が付くの？	Kawano	00000011/00011911.jpg	どうすれば電源が付くの？
20230325-161026-551	687.wav	う〜ん、あんまり美味しくないなー。	Kawano	00000109/00109877.jpg	う～ん、あんまり美味しくない。
20230325-161026-551	691.wav	ビンごとゆでちゃうの！	Kawano	00000076/00076767.jpg	ビンごとゆでちゃうの！
20230325-161026-551	692.wav	練習時間はあと5分しかないの	Kawano	00000018/00018011.jpg	練習時間はあと5分しかないよ
20230325-161026-551	694.wav	切り分けるわね。	Kawano	00000016/00016296.jpg	切り分けるわね。
20230325-161026-551	695.wav	いろいろ試着して比べてみましょう。	Kawano	00000054/00054973.jpg	いろいろ試着して比べてみましょう。
20230325-161026-551	697.wav	チェックインのお客様ですか？	Kawano	00000096/00096958.jpg	いらっしゃいませ、チェックインのお客様ですか？
20230325-161026-551	698.wav	この髪型はどう？	Kawano	00000037/00037702.jpg	この髪型はどう？もっと動いた方が良さが伝わるかしら。
20230325-161026-551	700.wav	さて、どこから筆を入れようかしら。	Kawano	00000029/00029713.jpg	さて、どこから筆を入れようかしら。
20230325-161026-551	703.wav	このレシピで作るんですね？	Kawano	00000098/00098636.jpg	このレシピで作るんですね？
20230325-161026-551	706.wav	試料のセットもうすぐ終わります。	Kawano	00000009/00009163.jpg	試料のセットもうすぐ終わります。
20230325-161026-551	709.wav	この大きさの用紙なら五分程度で絵が描けるわ。	Kawano	00000051/00051702.jpg	この大きさの用紙なら五分程度で絵が描けるわ。
20230325-161026-551	710.wav	もうすぐ直りますよ。	Kawano	00000028/00028057.jpg	もうすぐ直りますよ。
20230325-161026-551	711.wav	仕事が全部終わって、今、片付けているところよ。	Kawano	00000048/00048664.jpg	仕事が全部終わって、今、片付けているところよ。
20230325-161026-551	712.wav	エイエイ。	Kawano	00000092/00092826.jpg	エイエイ。
20230325-161026-551	713.wav	冬に備えて、断熱加工は徹底的にやっておきます。	Kawano	00000030/00030937.jpg	冬に備えて、断熱加工は徹底的にやっておきます。
20230325-161026-551	716.wav	エロすぎ今日のおかず決定	Kawano	00000023/00023098.jpg	エロすぎ　今日のおかず決定
20230325-161026-551	717.wav	その雑貨は新しく入荷したものですか？	Kawano	00000068/00068283.jpg	この雑貨は新しく入荷したものですか？
20230325-161026-551	728.wav	床に、どんなじゅうたんを敷こうか？	Kawano	00000090/00090799.jpg	床に、どんなじゅうたんを敷こうか？
20230325-161026-551	729.wav	この人さっきから微動だにしないのよ	Kawano	00000042/00042202.jpg	この人さっきから微動だにしないのよすごいと思わない？
20230325-161026-551	731.wav	±１００ぐ１００ｇまでだね	Kawano	00000030/00030133.jpg	±１００ｇまでだね
20230325-161026-551	732.wav	ごめんなさい、今歯磨き中なの	Kawano	00000007/00007719.jpg	ごめんなさい、今歯磨き中なの
20230325-161026-551	733.wav	PCを２台も操るなんて、デキる女でしょ？	Kawano	00000015/00015271.jpg	PCを２台も操るなんて、デキる女でしょ？
20230325-161026-551	734.wav	私もグラスを持てばいいの？	Kawano	00000021/00021376.jpg	私もグラスを持てばいいの？
20230325-161026-551	735.wav	僕のキャリーバッグかっこいいでしょ？	Kawano	00000020/00020068.jpg	僕のキャリーバッグかっこいいでしょ？
20230325-161026-551	736.wav	今日はパーティーよ！	Kawano	00000110/00110126.jpg	今日はパーティーよ！
20230325-161026-551	737.wav	飲み物を入れますから少々お待ちくださいね。	Kawano	00000002/00002900.jpg	飲み物を入れますから少々お待ちくださいね。
20230325-161026-551	738.wav	どんな映像に仕上がったんだい？	Kawano	00000058/00058858.jpg	どんな映像に仕上がったんだい？
20230325-161026-551	739.wav	雨の中待ってるのに連絡が取れないの。	Kawano	00000008/00008176.jpg	雨の中待ってるのに連絡が取れないの。
20230325-161026-551	740.wav	銃の手入れはこまめにしないとね	Kawano	00000115/00115726.jpg	銃の手入れはこまめにしないとな
20230325-161026-551	741.wav	うちは豚の丸焼きありますよ	Kawano	00000048/00048743.jpg	うちは豚の丸焼きありますよ
20230325-161026-551	742.wav	間もなく始まります	Kawano	00000107/00107391.jpg	間もなく始まります
20230325-161026-551	743.wav	一息つきましたね。	Kawano	00000056/00056276.jpg	一息つきましたね。
20230325-161026-551	744.wav	すぐ出発する。支度は済ませたか？	Kawano	00000090/00090469.jpg	すぐ出発する。支度は済ませたか？
20230325-161026-551	745.wav	この容器に何て書いてある？	Kawano	00000040/00040267.jpg	この容器に何て書いてある？
20230325-161026-551	746.wav	お父さん、晩酌ですよ	Kawano	00000002/00002903.jpg	お父さん、晩酌ですよ
20230325-161026-551	747.wav	ネコと遊ぶのはストレス発散になるよ。	Kawano	00000088/00088845.jpg	ネコと遊ぶのはストレス発散になるよ。
20230325-161026-551	748.wav	メンマ多めでしたよね。	Kawano	00000099/00099506.jpg	メンマ多めでしたよね。
20230325-161026-551	749.wav	収録の邪魔をしないでね	Kawano	00000086/00086727.jpg	収録の邪魔をしないでね
20230325-161026-551	750.wav	少しオマケしておくよ。	Kawano	00000008/00008501.jpg	少しオマケしておくよ。
20230325-161026-551	751.wav	ビールは僕がついであげるよ。	Kawano	00000002/00002891.jpg	ビールは僕がついであげるよ。
20230325-161026-551	752.wav	この化粧品、私に似合うと思う？	Kawano	00000041/00041218.jpg	この化粧品、私に似合うと思う？
20230325-161026-551	753.wav	この一番上のパックがよさそうよさそうだと思うんだけど	Kawano	00000049/00049184.jpg	この一番上のパックがよさそうだと思うけどどう？
20230325-161026-551	755.wav	続いて、嬉しいニュースをお伝えします	Kawano	00000087/00087855.jpg	続いて、嬉しいニュースをお伝えします
20230325-161026-551	756.wav	そろそろ洗いおえ終わるよ	Kawano	00000076/00076479.jpg	そろそろ洗い終わるよ
20230325-161026-551	757.wav	あなたも飲むでしょ？コップを頂戴。	Kawano	00000002/00002929.jpg	あなたも飲むでしょ？コップを頂戴。
20230325-161026-551	758.wav	今着ていた物も、洗濯物に入れちゃった。	Kawano	00000077/00077507.jpg	今着ていた物も、洗濯機に入れちゃった。
20230325-161026-551	759.wav	ワゴンセールのものを何冊か買うけど、あなたはいらないの？	Kawano	00000007/00007071.jpg	ワゴンセールのものを何冊か買うけど、あなたはいらないの？
20230325-161026-551	760.wav	カップいっぱい有るね	Kawano	00000019/00019703.jpg	カップいっぱい有るね
20230325-161026-551	761.wav	表面が焼けたのでコショウをかけます	Kawano	00000099/00099037.jpg	表面が焼けたのでコショウをかけます
20230325-161026-551	762.wav	イヤー、全部消しちゃったわー?	Kawano	00000110/00110428.jpg	イヤー、全部消しちゃったわ‼
20230325-161026-551	763.wav	キャビアを添えます。	Kawano	00000098/00098457.jpg	キャビアを添えます。
20230325-161026-551	764.wav	もう少し深く掘りましょう	Kawano	00000074/00074790.jpg	もう少し深く掘りましょう
20230325-161026-551	765.wav	単純作業は疲れるよ	Kawano	00000076/00076948.jpg	単純作業は疲れるよ
20230325-161026-551	766.wav	私達の並びークリスマスツリーみたいでしょ	Kawano	00000010/00010808.jpg	私達の並びクリスマスツリーみたいでしょ
20230325-161026-551	767.wav	カフェイン入り炭酸飲料を飲んでも頭が冴えない	Kawano	00000070/00070125.jpg	カフェイン入り炭酸飲料を飲んでも頭が冴えないです。次に続く文章が思い浮かばないです。
20230325-161026-551	769.wav	パンケーキはまだか	Kawano	00000037/00037490.jpg	パンケーキはまだか
20230325-161026-551	770.wav	あー、いらっしゃい	Kawano	00000027/00027661.jpg	あ、いらっしゃい
20230325-161026-551	771.wav	この撮影は記念になりますね、ありがとう。	Kawano	00000070/00070417.jpg	この撮影は記念になりますね、ありがとう。
20230325-161026-551	772.wav	見つかったか。	Kawano	00000092/00092136.jpg	見つかったか。
20230325-161026-551	773.wav	今日の昼食はピザだよ。	Kawano	00000018/00018000.jpg	今日の昼食はピザだよ。
20230325-161026-551	774.wav	さわやかな風と空の下での食事は最高においしいね。	Kawano	00000021/00021095.jpg	さわやかな風と空の下での食事は最高においしいね。
20230325-161026-551	775.wav	ブンブン、危ないですよ。	Kawano	00000015/00015926.jpg	ブンブン、危ないですよ。
20230325-161026-551	776.wav	この装置に検査薬を入れてみますね。	Kawano	00000088/00088461.jpg	この装置に検査薬を入れてみますね。
20230325-161026-551	777.wav	祝福ありがとうございます	Kawano	00000009/00009087.jpg	祝福ありがとうございます
20230325-161026-551	778.wav	すてきでしょ	Kawano	00000073/00073018.jpg	すてきでしょ
20230325-161026-551	779.wav	くそっ。急に暴落しやがった。大損だぜ。	Kawano	00000021/00021568.jpg	くそっ。急に暴落しやがった。大損だぜ。
20230325-161026-551	780.wav	くすぐったい！	Kawano	00000117/00117105.jpg	くすぐったい！
20230325-161026-551	781.wav	私の後姿、どう？	Kawano	00000077/00077738.jpg	私の後姿、どう？
20230325-161026-551	782.wav	料理の隠し味は液体窒素です。	Kawano	00000099/00099099.jpg	料理の隠し味は液体窒素です。
20230325-161026-551	784.wav	まだ開店準備中です｡もう少しお待ちください	Kawano	00000037/00037192.jpg	まだ開店準備中です｡もう少しお待ちください
20230325-161026-551	785.wav	お姉ちゃんと一緒にクリスマスの天使の仮装をしたのよ	Kawano	00000010/00010808.jpg	お姉ちゃんと一緒にクリスマスの天使の仮装をしたのよ
20230325-161026-551	786.wav	若いころはギターで女の子をメロメロにしたもんさ。	Kawano	00000043/00043965.jpg	若いころはギターで女の子をメロメロにしたもんさ。
20230325-161026-551	787.wav	編集をしている途中です。	Kawano	00000111/00111967.jpg	編集をしている途中です。
20230325-161026-551	788.wav	コピーは何枚とればいいんだっけ？	Kawano	00000088/00088858.jpg	コピーは何枚とればいいんだっけ？
20230325-161026-551	789.wav	受賞式は後日に改めて行います。	Kawano	00000057/00057857.jpg	受賞式は後日に改めて行います。
20230325-161026-551	790.wav	ドリンクはここで受け取るのよ。	Kawano	00000066/00066622.jpg	ドリンクはここで受け取るのよ。
20230325-161026-551	791.wav	私のマグカップどこにあるか知りませんか？このカップケーキの飾り付け、お願いね。	Kawano	00000049/00049928.jpg	私のマグカップどこにあるか知りませんか？
20230325-161026-551	792.wav	このカップケーキの飾り付け、お願いね。	Kawano	00000032/00032338.jpg	このカップケーキの飾り付け、お願いね。
20230325-161026-551	793.wav	えー、今日は、お疲れ様でした。	Kawano	00000052/00052378.jpg	今日は、お疲れ様でした。
20230325-161026-551	796.wav	もちろん冷え冷えだよ！	Kawano	00000037/00037225.jpg	もちろん冷え冷えだよ！
20230325-161026-551	797.wav	どうだいこのビート。	Kawano	00000084/00084028.jpg	どうだいこのビート。
20230325-161026-551	800.wav	ソースはたっぷり掛けておくよ。	Kawano	00000014/00014636.jpg	ソースはたっぷり掛けておくよ。
20230325-161026-551	801.wav	熱くなった鉄板に、こうして慎重にのせます。	Kawano	00000099/00099434.jpg	熱くなった鉄板に、こうして慎重にのせます。
20230325-161026-551	802.wav	酔いつぶれて動けないの	Kawano	00000017/00017464.jpg	酔いつぶれて動けないの
20230325-161026-551	803.wav	はかりますね。	Kawano	00000057/00057107.jpg	はかりますね。
20230325-161026-551	804.wav	これを少量足して、あとは混ぜれば出来上がりです。	Kawano	00000036/00036759.jpg	これを少量足して、あとは混ぜれば出来上がりです。
20230325-161026-551	805.wav	ごみはごみ箱へ捨てよう	Kawano	00000102/00102630.jpg	ごみはごみ箱へ捨てよう
20230325-161026-551	806.wav	これ、あなたの好物だったわよね？	Kawano	00000109/00109715.jpg	これ、あなたの好物だったわよね？
20230325-161026-551	807.wav	カメラ係りありがとう。	Kawano	00000072/00072666.jpg	カメラ係りありがとう。
20230325-161026-551	808.wav	僕がＤＪをやらせていただきます。	Kawano	00000084/00084640.jpg	僕がＤＪをやらせていただきます。
20230325-161026-551	809.wav	あと何個分刻めばいいの？	Kawano	00000008/00008810.jpg	あと何個分刻めばいいの？
20230325-161026-551	810.wav	まっすぐ線を引くのは気を使うんで話しかけないでくれ	Kawano	00000029/00029853.jpg	まっすぐ線を引くのは気を使うんで話しかけないでくれ
20230325-161026-551	811.wav	ドーナツ食べる？	Kawano	00000017/00017755.jpg	ドーナッツ食べる？
20230325-161026-551	814.wav	久しぶりにこんな大きなカブが育ったわ。	Kawano	00000116/00116587.jpg	見てごらんよ、この大きなカブ。久しぶりにこんな大きなカブが育ったわ。
20230325-161026-551	815.wav	さぁ、これでできあがり。お待たせしました。	Kawano	00000099/00099976.jpg	さぁ、これでできあがり。お待たせしました。
20230325-161026-551	816.wav	ぼく今大工さんだから、ドリルで穴をあける仕事をしてるの。	Kawano	00000092/00092607.jpg	ぼく今大工さんだから、ドリルで穴をあける仕事してるの。
20230325-161026-551	817.wav	おっし、ごちそうだぞ。	Kawano	00000021/00021559.jpg	おっし、ごちそうだぞ。
20230325-161026-551	819.wav	お客さんがいないからカウンターで寝ちゃおうかしら？	Kawano	00000036/00036963.jpg	お客さんがいないからカウンターで寝ちゃおうかしら？
20230325-161026-551	820.wav	ワインに合うおつまみ注文しようかしら。	Kawano	00000097/00097554.jpg	ワインに合うおつまみ注文しようかしら。
20230325-161026-551	821.wav	予習してるから静かにしてて。	Kawano	00000003/00003009.jpg	予習してるから静かにしてて。
20230325-161026-551	822.wav	これがただの筒だと思ったら大間違いです。	Kawano	00000068/00068173.jpg	これがただの筒だと思ったら大間違いです。
20230325-161026-551	825.wav	大体1ヶ月ぐらいはかかりますね。	Kawano	00000029/00029722.jpg	大体1ヶ月くらいはかかりますね。
20230325-161026-551	826.wav	重いバケツを担ぐのは一苦労だよ。	Kawano	00000002/00002855.jpg	重いバケツを担ぐのは一苦労だよ。
20230325-161026-551	827.wav	ゲームで本格的なーボウリングを体験できるらしい。どんなものか試してるところだ。	Kawano	00000018/00018187.jpg	ゲームで本格的なボウリングを体験できるらしい。どんなものか試しているところだ。
20230325-161026-551	828.wav	えっと、もうしゃべってもいいの？	Kawano	00000043/00043273.jpg	えっと、もうしゃべってもいいの？
20230325-161026-551	829.wav	今、試験中なので話かけないで下さい。	Kawano	00000006/00006193.jpg	今、試験中なので話かけないで下さい。
20230325-161026-551	830.wav	今日仕入れたばっかりだよ	Kawano	00000049/00049027.jpg	今日仕入れたばっかりだよ
20230325-161026-551	831.wav	チャンネル変えるよ	Kawano	00000006/00006726.jpg	チャンネル変えるよ
20230325-161026-551	832.wav	化粧なおしたら出かけましょうか？	Kawano	00000020/00020404.jpg	化粧なおしたら出かけましょうか？
20230325-161026-551	833.wav	かしこく見える？	Kawano	00000004/00004026.jpg	かしこく見える？
20230325-161026-551	834.wav	図書館内ではフラッシュなんか焚かないでよ	Kawano	00000014/00014082.jpg	図書館内ではフラッシュなんか焚かないでよ？
20230325-161026-551	835.wav	荷台にモノを載せすぎて進みにくいです。	Kawano	00000002/00002966.jpg	荷台にモノを載せすぎて進みにくいです。
20230325-161026-551	836.wav	すごい風船の数でしょ？	Kawano	00000089/00089199.jpg	すごい風船の数でしょ？
20230325-161026-551	837.wav	キャディーさんは写さなくても良くないですか?	Kawano	00000069/00069055.jpg	キャディーさんは写さなくても良くないですか?
20230325-161026-551	838.wav	このゲームを始めてから、どのくらい時間が経ってる？	Kawano	00000014/00014693.jpg	このゲームを始めてから、どのくらい時間が経ってる？
20230325-161026-551	841.wav	今、ドリンクに注いでいます。	Kawano	00000056/00056236.jpg	今、ドリンク注いでます。
20230325-161026-551	842.wav	スタジオにこもりっぱなしで、なんだか仙人の気分だよ。	Kawano	00000085/00085926.jpg	スタジオにこもりっぱなしで、なんだか仙人の気分だよ。
20230325-161026-551	843.wav	ニンジンのヘタを全て取ります。	Kawano	00000001/00001093.jpg	ニンジンのヘタを全て取ります。
20230325-161026-551	844.wav	おー、そうだねぇ	Kawano	00000018/00018310.jpg	んー、そうだねぇ
20230325-161026-551	845.wav	天板に均等に絞り出します。	Kawano	00000032/00032260.jpg	天板に均等に絞り出します。
20230325-161026-551	846.wav	ヘイおまち	Kawano	00000099/00099323.jpg	ヘイおまち
20230325-161026-551	847.wav	お皿を洗うから明日は海に連れていってね。	Kawano	00000004/00004190.jpg	お皿を洗うから明日は海に連れていってね。
20230325-161026-551	848.wav	皆描き終ってるの？	Kawano	00000029/00029419.jpg	皆描き終ってるの？
20230325-161026-551	849.wav	席に座れないよ。	Kawano	00000104/00104269.jpg	席に座れないよ。
20230325-161026-551	850.wav	缶飲料は紙コップに移し変えます。	Kawano	00000002/00002876.jpg	缶飲料は紙コップに移し変えます。
20230325-161026-551	852.wav	炎がグワーっと上がったりしない？怖いわ！	Kawano	00000015/00015207.jpg	これ火をつけると、炎がグワーっと上がったりしない？怖いわ！ 